,Open,High,Low,Close,Volume,datetime
0,309.47,309.8,309.3,309.791,10250,2026-08-26 11:00:00
0,82.06,82.11,82.03,82.0628,11938,2026-08-26 11:00:00
0,577.85,579.3,576.68,579.25,103613,2026-08-26 11:00:00
0,349.92,350.5,349.69,349.82,21438,2026-08-26 11:00:00
0,213.88,214.03,213.43,213.5891,263818,2026-08-26 11:00:00
0,62.0,62.15,62.0,62.15,992,2026-08-26 11:00:00
0,261.1947,261.65,261.08,261.61,24323,2026-08-26 11:00:00
0,346.84,347.5,346.84,347.23,8707,2026-08-26 11:00:00
0,488.4,489.0,487.75,488.205,11414,2026-08-26 11:00:00
0,268.0,268.0,265.545,266.99,13266,2026-08-26 11:00:00
1,82.1,82.28,82.09,82.1876,11884,2026-08-26 11:30:00
1,309.65,309.95,309.6004,309.8888,14961,2026-08-26 11:30:00
1,267.6121,267.6121,266.84,266.9997,1081,2026-08-26 11:30:00
1,62.1259,62.15,62.1137,62.1137,1122,2026-08-26 11:30:00
1,488.46,488.46,487.6,488.1793,6843,2026-08-26 11:30:00
1,579.22,579.64,577.0,578.11,54902,2026-08-26 11:30:00
1,349.96,350.0,348.41,349.2,43857,2026-08-26 11:30:00
1,347.32,347.39,346.9601,347.0,5945,2026-08-26 11:30:00
1,213.57,213.62,212.4514,213.0,357996,2026-08-26 11:30:00
1,261.7122,261.75,261.26,261.51,21073,2026-08-26 11:30:00
2,347.15,347.15,346.76,347.1,11713,2026-08-26 12:00:00
2,82.2,82.2,82.06,82.15,21094,2026-08-26 12:00:00
2,488.16,489.47,488.0,489.4635,8211,2026-08-26 12:00:00
2,578.11,580.37,577.0,580.295,86697,2026-08-26 12:00:00
2,309.8392,310.54,309.81,310.54,42351,2026-08-26 12:00:00
2,261.5,261.94,260.408,261.85,12012,2026-08-26 12:00:00
2,266.92,267.79,266.4839,267.6,5355,2026-08-26 12:00:00
2,349.25,349.9,348.95,349.9,26625,2026-08-26 12:00:00
2,213.01,213.3,212.5893,213.3,202007,2026-08-26 12:00:00
2,62.12,62.15,62.1,62.1119,1424,2026-08-26 12:00:00
3,347.15,347.15,346.01,346.03,14432,2026-08-26 12:30:00
3,267.34,267.4,266.07,266.28,2541,2026-08-26 12:30:00
3,349.92,349.92,346.96,347.0,97693,2026-08-26 12:30:00
3,310.54,310.76,310.11,310.34,40067,2026-08-26 12:30:00
3,82.17,82.4591,82.0871,82.42,44452,2026-08-26 12:30:00
3,580.33,593.0,579.85,590.22,379127,2026-08-26 12:30:00
3,261.95,261.95,261.02,261.14,25843,2026-08-26 12:30:00
3,489.5,489.5,488.04,488.47,11919,2026-08-26 12:30:00
3,62.1,62.1,62.05,62.07,3606,2026-08-26 12:30:00
3,213.3,213.34,212.36,212.49,364614,2026-08-26 12:30:00
4,266.45,266.53,264.6311,266.53,3484,2026-08-26 13:00:00
4,82.36,82.75,81.6803,81.86,148809,2026-08-26 13:00:00
4,261.3,261.71,260.9,261.3,29318,2026-08-26 13:00:00
4,591.6261,598.44,588.0,590.35,1322860,2026-08-26 13:00:00
4,62.0,62.0,61.6849,61.76,30289,2026-08-26 13:00:00
4,346.88,347.4636,345.05,345.23,157725,2026-08-26 13:00:00
4,346.02,347.89,346.0,346.63,102590,2026-08-26 13:00:00
4,212.51,213.37,212.14,212.64,419203,2026-08-26 13:00:00
4,488.07,488.88,487.16,487.62,24631,2026-08-26 13:00:00
4,310.3,310.37,309.35,310.24,46404,2026-08-26 13:00:00
5,345.27,351.93,342.53,348.8862,4989644,2026-08-26 13:30:00
5,265.19,273.9756,265.035,272.41,324223,2026-08-26 13:30:00
5,82.05,82.42,81.295,81.43,3736977,2026-08-26 13:30:00
5,590.31,593.34,561.88,572.4,7013440,2026-08-26 13:30:00
5,212.64,213.6,210.7801,212.67,10349746,2026-08-26 13:30:00
5,310.25,312.7,308.8001,312.5,2664345,2026-08-26 13:30:00
5,487.85,497.1399,487.31,495.215,1737390,2026-08-26 13:30:00
5,261.34,262.05,259.375,260.895,1869307,2026-08-26 13:30:00
5,346.63,346.88,343.1,343.87,2037235,2026-08-26 13:30:00
5,61.825,61.86,61.26,61.47,700272,2026-08-26 13:30:00
6,572.385,575.96,564.3101,574.0924,2650583,2026-08-26 14:00:00
6,349.02,349.66,345.5501,346.25,1851537,2026-08-26 14:00:00
6,272.49,273.37,270.77,271.045,157191,2026-08-26 14:00:00
6,61.47,62.045,61.41,61.71,516594,2026-08-26 14:00:00
6,495.17,496.74,492.95,493.686,1122962,2026-08-26 14:00:00
6,260.845,261.22,258.88,259.06,1094671,2026-08-26 14:00:00
6,212.64,212.67,210.1932,210.5026,6435431,2026-08-26 14:00:00
6,81.44,82.22,81.36,82.125,1385853,2026-08-26 14:00:00
6,343.87,344.13,341.519,342.28,1295010,2026-08-26 14:00:00
6,312.465,313.4199,311.65,311.795,1805908,2026-08-26 14:00:00
7,311.8,312.865,311.66,312.8,1062538,2026-08-26 14:30:00
7,342.29,343.19,341.45,343.03,776912,2026-08-26 14:30:00
7,574.075,587.46,570.75,584.89,2878059,2026-08-26 14:30:00
7,82.125,82.2,81.86,81.92,897973,2026-08-26 14:30:00
7,270.94,272.1,270.51,271.37,130236,2026-08-26 14:30:00
7,493.65,495.63,493.34,495.23,598943,2026-08-26 14:30:00
7,210.4901,211.4,210.08,211.155,5429997,2026-08-26 14:30:00
7,259.06,260.4921,258.78,260.295,963586,2026-08-26 14:30:00
7,346.25,347.23,343.28,343.55,1925807,2026-08-26 14:30:00
7,61.7,61.82,61.65,61.77,292141,2026-08-26 14:30:00
8,343.01,343.455,342.58,342.82,591043,2026-08-26 15:00:00
8,343.514,345.28,343.06,343.9,1835638,2026-08-26 15:00:00
8,312.825,313.45,312.46,312.52,1101265,2026-08-26 15:00:00
8,211.16,211.53,210.59,211.082675,4100343,2026-08-26 15:00:00
8,81.925,81.9251,81.58,81.82,928902,2026-08-26 15:00:00
8,584.89,588.77,581.51,582.62,2299044,2026-08-26 15:00:00
8,260.3,261.12,259.93,260.166,718953,2026-08-26 15:00:00
8,495.3,495.6,494.598,494.995,595774,2026-08-26 15:00:00
8,61.78,61.83,61.68,61.81,294899,2026-08-26 15:00:00
8,271.31,271.35,270.15,270.385,110775,2026-08-26 15:00:00
9,270.38,271.36,269.6201,269.74,149335,2026-08-26 15:30:00
9,81.8191,81.835,81.59,81.65,572991,2026-08-26 15:30:00
9,312.52,313.62,312.18,312.94,1126311,2026-08-26 15:30:00
9,343.85,344.84,343.21,344.37,1378933,2026-08-26 15:30:00
9,61.8,61.925,61.735,61.805,311605,2026-08-26 15:30:00
9,582.5,582.84,575.15,576.09,1347787,2026-08-26 15:30:00
9,342.84,342.84,341.41,341.43,705726,2026-08-26 15:30:00
9,211.08,211.43,210.6,210.615,3125559,2026-08-26 15:30:00
9,494.995,495.53,493.91,494.089,436111,2026-08-26 15:30:00
9,260.175,260.29,258.6,258.64,768461,2026-08-26 15:30:00
10,494.0,494.9199,493.74,493.8817,347930,2026-08-26 16:00:00
10,344.355,344.71,343.4,344.09,973506,2026-08-26 16:00:00
10,258.62,258.82,258.35,258.507,659168,2026-08-26 16:00:00
10,269.74,270.68,269.5401,270.51,98531,2026-08-26 16:00:00
10,312.9,313.95,312.37,313.2947,1067836,2026-08-26 16:00:00
10,81.65,81.73,81.45,81.515,804514,2026-08-26 16:00:00
10,210.615,210.66,209.76,210.175,4962396,2026-08-26 16:00:00
10,61.805,61.89,61.71,61.75,333378,2026-08-26 16:00:00
10,576.0,579.16,574.21,576.755,883911,2026-08-26 16:00:00
10,341.43,341.75,340.53,340.61,530471,2026-08-26 16:00:00
11,493.865,494.4,493.5503,494.18,397796,2026-08-26 16:30:00
11,61.75,61.89,61.7,61.79,278842,2026-08-26 16:30:00
11,270.51,271.51,270.45,270.75,86008,2026-08-26 16:30:00
11,210.175,210.32,209.47,209.875,4450204,2026-08-26 16:30:00
11,340.625,340.95,340.18,340.735,580899,2026-08-26 16:30:00
11,576.81,577.9,574.8,575.89,566816,2026-08-26 16:30:00
11,258.48,258.82,258.24,258.74,484968,2026-08-26 16:30:00
11,313.305,313.48,312.5,313.03,810019,2026-08-26 16:30:00
11,81.51,81.71,81.45,81.605,769759,2026-08-26 16:30:00
11,344.0601,345.3,343.98,345.1,1024269,2026-08-26 16:30:00
12,575.78,579.16,574.771876,578.29,658883,2026-08-26 17:00:00
12,313.025,313.27,312.53,313.135,809804,2026-08-26 17:00:00
12,258.73,259.38,258.69,259.32,529765,2026-08-26 17:00:00
12,494.11,494.75,493.78,494.74,329876,2026-08-26 17:00:00
12,345.1,346.88,344.74,346.79,1395704,2026-08-26 17:00:00
12,61.79,61.925,61.79,61.845,803740,2026-08-26 17:00:00
12,81.605,81.835,81.52,81.7902,588784,2026-08-26 17:00:00
12,270.75,271.475,270.6,271.27,68232,2026-08-26 17:00:00
12,209.87,210.25,209.71,210.065,3608230,2026-08-26 17:00:00
12,340.71,341.725,340.62,341.4184,461185,2026-08-26 17:00:00
13,494.745,495.05,493.565,494.33,324495,2026-08-26 17:30:00
13,81.785,81.93,81.75,81.813968,637209,2026-08-26 17:30:00
13,259.34,259.34,258.45,258.655,618232,2026-08-26 17:30:00
13,313.155,313.25,312.6501,312.94,605419,2026-08-26 17:30:00
13,578.28,578.92,577.0,578.0496,607614,2026-08-26 17:30:00
13,341.425,341.83,341.39,341.54,416684,2026-08-26 17:30:00
13,210.06,210.64,209.9,210.56,4275433,2026-08-26 17:30:00
13,271.305,272.08,271.15,271.915,44311,2026-08-26 17:30:00
13,61.845,61.895,61.72,61.85,384843,2026-08-26 17:30:00
13,346.79,346.93,346.16,346.62,791306,2026-08-26 17:30:00
14,578.32,579.08,576.41,577.865,577859,2026-08-26 18:00:00
14,341.55,341.93,341.365,341.4815,374180,2026-08-26 18:00:00
14,346.615,346.7,344.4406,344.8181,1131921,2026-08-26 18:00:00
14,494.365,494.81,494.2,494.38,304499,2026-08-26 18:00:00
14,258.67,259.09,258.66,258.81,636738,2026-08-26 18:00:00
14,81.815,81.955,81.73,81.855,600576,2026-08-26 18:00:00
14,210.555,210.915,210.15,210.785,4078205,2026-08-26 18:00:00
14,312.95,313.18,312.73,313.0499,639519,2026-08-26 18:00:00
14,271.88,273.1,271.76,272.98,61198,2026-08-26 18:00:00
14,61.86,62.01,61.84,61.92,446028,2026-08-26 18:00:00
15,258.8,259.355,258.78,259.3,584052,2026-08-26 18:30:00
15,344.8009,346.41,344.75,346.1371,904049,2026-08-26 18:30:00
15,81.85,81.925,81.7,81.9,518560,2026-08-26 18:30:00
15,341.48,341.92,341.235,341.75,371626,2026-08-26 18:30:00
15,210.785,211.17,210.49,211.055,5172430,2026-08-26 18:30:00
15,61.925,62.03,61.84,61.935,213880,2026-08-26 18:30:00
15,494.355,494.92,493.92,494.8575,396215,2026-08-26 18:30:00
15,272.955,273.34,272.5,272.87,54296,2026-08-26 18:30:00
15,313.03,315.1,312.95,314.565,1719462,2026-08-26 18:30:00
15,577.805,580.9235,577.765,578.825,705962,2026-08-26 18:30:00
16,494.87,496.6,494.82,496.1,521137,2026-08-26 19:00:00
16,259.3,260.37,259.28,259.83,895263,2026-08-26 19:00:00
16,341.755,342.05,341.26,341.3,531157,2026-08-26 19:00:00
16,314.57,315.25,314.44,314.8446,1564048,2026-08-26 19:00:00
16,346.115,347.44,344.96,345.6201,1547345,2026-08-26 19:00:00
16,61.93,62.045,61.9139,61.9536,251383,2026-08-26 19:00:00
16,578.75,580.84,576.81,577.05,628143,2026-08-26 19:00:00
16,211.0506,211.33,210.74,210.89,5710509,2026-08-26 19:00:00
16,272.82,274.35,272.67,273.57,160857,2026-08-26 19:00:00
16,81.8998,81.935,81.725,81.725,555907,2026-08-26 19:00:00
17,259.83,260.75,259.765,260.28,1657301,2026-08-26 19:30:00
17,341.3,342.72,341.27,342.06,1418258,2026-08-26 19:30:00
17,577.07,578.65,575.81,576.11,1362986,2026-08-26 19:30:00
17,81.725,81.87,81.315,81.47,2142399,2026-08-26 19:30:00
17,210.895,210.995,209.23,209.95,14996553,2026-08-26 19:30:00
17,61.95,62.06,61.81,61.82,719611,2026-08-26 19:30:00
17,273.57,274.6,273.15,273.38,289386,2026-08-26 19:30:00
17,314.86,315.43,313.18,313.48,3313243,2026-08-26 19:30:00
17,496.09,497.4,495.8,496.36,1321501,2026-08-26 19:30:00
17,345.66,346.88,345.25,345.88,1800015,2026-08-26 19:30:00
18,209.96,211.5,203.5,207.008,22280479,2026-08-26 20:00:00
18,313.45,314.44,313.1887,313.6,6225041,2026-08-26 20:00:00
18,342.06,342.43,341.61,341.9416,3062272,2026-08-26 20:00:00
18,576.04,576.43,569.94,575.27,1304528,2026-08-26 20:00:00
18,81.46,81.7709,81.33,81.46,2771864,2026-08-26 20:00:00
18,345.87,346.25,345.0,345.7514,2471388,2026-08-26 20:00:00
18,61.81,61.88,61.681,61.84,1269198,2026-08-26 20:00:00
18,496.37,498.75,495.75,497.28,3984957,2026-08-26 20:00:00
18,260.28,260.64,259.46,260.0,3172584,2026-08-26 20:00:00
18,273.47,280.0,273.47,279.25,402450,2026-08-26 20:00:00
19,497.39,498.25,497.24,497.5899,32989,2026-08-26 20:30:00
19,207.0113,210.66,205.26,210.5,5370564,2026-08-26 20:30:00
19,81.58,81.6996,81.463,81.521,15549,2026-08-26 20:30:00
19,279.0,280.35,278.0,280.35,15499,2026-08-26 20:30:00
19,61.81,61.81,61.65,61.65,1300,2026-08-26 20:30:00
19,345.66,346.98,345.32,346.69,48519,2026-08-26 20:30:00
19,260.0,260.4304,259.958,260.31,18600,2026-08-26 20:30:00
19,341.7283,342.3099,341.32,342.3099,13822,2026-08-26 20:30:00
19,575.0,575.75,574.5,575.75,29564,2026-08-26 20:30:00
19,313.55,313.58,313.0,313.2594,60435,2026-08-26 20:30:00
20,313.28,313.45,311.11,312.6,126117,2026-08-26 21:00:00
20,260.2,262.8999,259.61,262.43,385864,2026-08-26 21:00:00
20,81.5,81.61,80.9,81.08,56467,2026-08-26 21:00:00
20,342.2007,342.5,340.68,341.71,47741,2026-08-26 21:00:00
20,210.461,220.26,208.46,217.39,16738198,2026-08-26 21:00:00
20,575.7,577.6,574.8091,577.6,47610,2026-08-26 21:00:00
20,346.686,347.25,345.35,346.96,80214,2026-08-26 21:00:00
20,497.58,497.7264,494.76,496.75,47493,2026-08-26 21:00:00
20,61.66,61.68,61.57,61.57,17490,2026-08-26 21:00:00
20,280.2749,280.7,277.0,278.0,8073,2026-08-26 21:00:00
21,278.3274,278.3274,277.034,277.25,1721,2026-08-26 21:30:00
21,262.3146,262.8999,262.02,262.3961,153930,2026-08-26 21:30:00
21,61.6804,61.6804,61.68,61.68,600,2026-08-26 21:30:00
21,577.5,578.46,576.19,578.0276,40058,2026-08-26 21:30:00
21,81.0799,81.08,80.6,80.64,55611,2026-08-26 21:30:00
21,312.4577,312.5,310.9948,310.9948,68381,2026-08-26 21:30:00
21,217.45,220.8,217.0,219.06,6085646,2026-08-26 21:30:00
21,341.7033,341.97,340.96,341.2,78369,2026-08-26 21:30:00
21,346.969,348.3999,346.52,347.42,88830,2026-08-26 21:30:00
21,496.8,496.9271,495.11,495.21,25430,2026-08-26 21:30:00
22,61.58,61.61,61.58,61.6,445,2026-08-26 22:00:00
22,262.16,262.79,261.56,262.27,33547,2026-08-26 22:00:00
22,310.99,311.5,310.6099,311.5,55604,2026-08-26 22:00:00
22,219.0,219.63,217.5,217.9356,2191931,2026-08-26 22:00:00
22,347.3,347.9805,347.1,347.58,32329,2026-08-26 22:00:00
22,578.0,579.66,576.2503,579.4932,37875,2026-08-26 22:00:00
22,341.08,342.3,340.83,342.3,43284,2026-08-26 22:00:00
22,80.62,81.0867,80.6,80.99,45510,2026-08-26 22:00:00
22,495.18,497.42,494.0,497.0,15668,2026-08-26 22:00:00
22,277.2,277.845,277.2,277.845,1159,2026-08-26 22:00:00
23,217.92,218.92,217.9,218.66,1046144,2026-08-26 22:30:00
23,61.6682,61.68,61.58,61.68,3414,2026-08-26 22:30:00
23,277.02,277.25,277.0,277.25,1072,2026-08-26 22:30:00
23,262.45,262.53,262.0,262.06,26510,2026-08-26 22:30:00
23,496.93,497.008,496.06,496.27,3695,2026-08-26 22:30:00
23,80.9916,81.07,80.8755,80.9018,12027,2026-08-26 22:30:00
23,342.29,342.8,342.29,342.785,32404,2026-08-26 22:30:00
23,579.49,579.69,578.01,579.4513,23912,2026-08-26 22:30:00
23,347.5819,347.8,347.2,347.3001,17303,2026-08-26 22:30:00
23,311.49,312.21,311.43,312.0761,32136,2026-08-26 22:30:00
24,80.9033,81.0,80.88,80.98,10261,2026-08-26 23:00:00
24,347.36,347.62,347.1183,347.5981,20677,2026-08-26 23:00:00
24,312.01,312.1284,311.6,311.6,21226,2026-08-26 23:00:00
24,277.09,277.3833,277.09,277.3833,89,2026-08-26 23:00:00
24,218.6254,218.74,217.77,218.1401,723267,2026-08-26 23:00:00
24,61.5943,61.5943,61.5855,61.5855,550,2026-08-26 23:00:00
24,262.04,262.1,261.51,261.6155,15519,2026-08-26 23:00:00
24,579.45,579.6,578.3,578.9896,17050,2026-08-26 23:00:00
24,342.7966,342.9284,342.66,342.77,28711,2026-08-26 23:00:00
24,496.31,496.36,495.9419,495.9419,4090,2026-08-26 23:00:00
25,61.6,61.64,61.6,61.64,1140,2026-08-26 23:30:00
25,311.62,311.9,311.62,311.79,19524,2026-08-26 23:30:00
25,496.1,496.26,495.5,495.94,12092,2026-08-26 23:30:00
25,218.15,219.64,218.02,219.53,1156817,2026-08-26 23:30:00
25,277.26,277.5,277.01,277.3,1629,2026-08-26 23:30:00
25,342.7,343.11,342.7,343.0,18797,2026-08-26 23:30:00
25,261.64,262.0,261.64,261.9124,28051,2026-08-26 23:30:00
25,81.0,81.0,80.9,80.95,6853,2026-08-26 23:30:00
25,579.0,579.2499,578.508,579.0543,11507,2026-08-26 23:30:00
25,347.4675,347.82,347.4472,347.6999,20092,2026-08-26 23:30:00
26,277.13,277.31,277.02,277.02,247,2026-08-27 00:00:00
26,219.02,219.75,218.62,219.55,213403,2026-08-27 00:00:00
26,312.19,312.2,311.6,311.65,6298,2026-08-27 00:00:00
26,61.7,61.72,61.7,61.72,27,2026-08-27 00:00:00
26,261.9,261.9,261.26,261.3,4836,2026-08-27 00:00:00
26,342.87,343.3,342.65,342.67,7476,2026-08-27 00:00:00
26,495.63,496.5,494.8,495.02,2542,2026-08-27 00:00:00
26,580.07,580.07,577.96,578.04,2974,2026-08-27 00:00:00
26,81.2,81.2,80.95,80.98,3723,2026-08-27 00:00:00
26,348.19,348.35,346.63,347.46,11324,2026-08-27 00:00:00
27,61.67,61.68,61.67,61.68,2,2026-08-27 01:00:00
27,219.53,219.55,218.74,218.84,197004,2026-08-27 00:30:00
27,311.65,311.82,310.76,310.97,13932,2026-08-27 00:30:00
27,80.97,81.0,80.85,80.88,8474,2026-08-27 00:30:00
27,277.14,277.14,276.24,276.48,974,2026-08-27 00:30:00
27,261.33,261.36,260.16,260.72,8768,2026-08-27 00:30:00
27,342.73,342.73,341.69,341.74,10920,2026-08-27 00:30:00
27,347.38,347.38,345.3,345.65,14595,2026-08-27 00:30:00
27,578.0,578.2,575.56,576.26,3097,2026-08-27 00:30:00
27,494.98,495.05,492.9,493.2,5806,2026-08-27 00:30:00
28,218.82,219.9,218.77,219.85,224607,2026-08-27 01:00:00
28,345.65,346.58,345.56,346.57,6065,2026-08-27 01:00:00
28,341.72,342.01,341.5,342.01,6054,2026-08-27 01:00:00
28,311.0,311.12,310.67,310.86,10045,2026-08-27 01:00:00
28,61.67,61.69,61.49,61.58,155,2026-08-27 01:30:00
28,493.35,493.47,492.55,493.21,3455,2026-08-27 01:00:00
28,260.73,260.73,260.0,260.27,9784,2026-08-27 01:00:00
28,276.48,276.52,276.01,276.14,98,2026-08-27 01:00:00
28,576.05,577.25,575.43,577.0,4070,2026-08-27 01:00:00
28,80.95,80.98,80.79,80.89,3137,2026-08-27 01:00:00
29,310.94,311.0,310.5,310.57,9197,2026-08-27 01:30:00
29,80.94,80.96,80.78,80.82,3822,2026-08-27 01:30:00
29,276.11,276.13,275.73,275.73,438,2026-08-27 01:30:00
29,576.93,577.52,576.5,576.5,3668,2026-08-27 01:30:00
29,493.18,493.22,491.4,491.83,6428,2026-08-27 01:30:00
29,219.85,222.11,219.75,221.65,414162,2026-08-27 01:30:00
29,342.09,342.13,341.54,341.61,7765,2026-08-27 01:30:00
29,61.49,61.61,61.49,61.54,262,2026-08-27 02:00:00
29,346.61,347.08,346.17,346.73,6532,2026-08-27 01:30:00
29,260.33,260.84,260.29,260.59,7220,2026-08-27 01:30:00
30,341.68,341.95,341.6,341.66,3797,2026-08-27 02:00:00
30,221.68,221.9,220.98,221.22,160962,2026-08-27 02:00:00
30,275.73,275.78,275.46,275.78,216,2026-08-27 02:00:00
30,260.57,260.95,260.55,260.59,7737,2026-08-27 02:00:00
30,491.83,492.45,491.5,492.45,2342,2026-08-27 02:00:00
30,346.77,347.03,346.41,346.53,7189,2026-08-27 02:00:00
30,576.5,577.04,576.02,576.38,3356,2026-08-27 02:00:00
30,80.81,80.89,80.75,80.85,1910,2026-08-27 02:00:00
30,310.69,311.01,310.5,310.95,4169,2026-08-27 02:00:00
30,61.54,61.6,61.54,61.54,210,2026-08-27 02:30:00
31,341.72,342.23,341.72,341.95,3170,2026-08-27 02:30:00
31,260.59,260.6,260.37,260.43,5852,2026-08-27 02:30:00
31,310.96,311.21,310.87,311.03,2399,2026-08-27 02:30:00
31,576.19,577.3,576.19,576.4,3879,2026-08-27 02:30:00
31,61.56,61.56,61.54,61.54,93,2026-08-27 03:00:00
31,492.25,492.51,492.02,492.08,1004,2026-08-27 02:30:00
31,346.54,346.85,346.47,346.57,5015,2026-08-27 02:30:00
31,221.24,221.44,220.65,221.0,131346,2026-08-27 02:30:00
31,80.78,80.95,80.75,80.83,2755,2026-08-27 02:30:00
31,275.78,276.1,275.74,276.01,152,2026-08-27 02:30:00
32,346.62,346.98,346.5,346.89,5119,2026-08-27 03:00:00
32,260.43,260.65,260.35,260.63,2232,2026-08-27 03:00:00
32,80.85,80.97,80.76,80.91,1126,2026-08-27 03:00:00
32,492.33,492.64,492.1,492.48,816,2026-08-27 03:00:00
32,576.52,576.92,576.18,576.42,2992,2026-08-27 03:00:00
32,61.55,61.55,61.54,61.54,300,2026-08-27 04:00:00
32,311.0,311.23,310.91,310.92,3984,2026-08-27 03:00:00
32,276.01,276.15,275.99,276.15,16,2026-08-27 03:00:00
32,341.95,342.24,341.92,342.01,5772,2026-08-27 03:00:00
32,220.97,221.72,220.8,221.54,121382,2026-08-27 03:00:00
33,492.51,493.12,492.45,492.85,2195,2026-08-27 03:30:00
33,61.54,61.55,61.54,61.54,837,2026-08-27 04:30:00
33,346.91,346.97,346.48,346.61,4637,2026-08-27 03:30:00
33,221.55,221.59,221.0,221.47,67230,2026-08-27 03:30:00
33,260.65,260.88,260.35,260.35,2703,2026-08-27 03:30:00
33,310.93,311.1,310.83,310.96,4577,2026-08-27 03:30:00
33,276.1,276.1,275.72,275.73,389,2026-08-27 03:30:00
33,576.45,576.75,576.31,576.33,2113,2026-08-27 03:30:00
33,80.95,80.97,80.8,80.82,989,2026-08-27 03:30:00
33,342.02,342.37,342.0,342.24,9123,2026-08-27 03:30:00
34,221.44,221.7,221.1,221.25,85213,2026-08-27 04:00:00
34,310.98,311.36,310.92,311.26,5807,2026-08-27 04:00:00
34,260.38,260.44,260.16,260.25,2521,2026-08-27 04:00:00
34,346.64,346.9,346.45,346.5,2640,2026-08-27 04:00:00
34,275.91,276.53,275.91,276.3,777,2026-08-27 04:00:00
34,492.85,492.97,492.4,492.4,3245,2026-08-27 04:00:00
34,576.45,576.79,576.18,576.48,1708,2026-08-27 04:00:00
34,80.82,80.92,80.77,80.82,2873,2026-08-27 04:00:00
34,61.54,61.63,61.46,61.47,411,2026-08-27 05:00:00
34,342.24,342.27,341.97,342.05,5590,2026-08-27 04:00:00
35,492.41,492.47,492.0,492.1,1709,2026-08-27 04:30:00
35,260.27,260.31,260.01,260.09,4692,2026-08-27 04:30:00
35,61.47,61.56,61.32,61.48,1366,2026-08-27 05:30:00
35,346.5,346.59,345.8,345.96,6161,2026-08-27 04:30:00
35,276.3,276.32,276.3,276.32,230,2026-08-27 04:30:00
35,342.08,342.16,341.6,341.85,8318,2026-08-27 04:30:00
35,80.82,80.84,80.7,80.7,4457,2026-08-27 04:30:00
35,311.3,311.3,311.0,311.02,3272,2026-08-27 04:30:00
35,221.25,221.31,221.0,221.15,71881,2026-08-27 04:30:00
35,576.45,576.55,575.95,576.03,3221,2026-08-27 04:30:00
36,80.7,80.85,80.61,80.65,10297,2026-08-27 05:00:00
36,221.16,221.27,220.8,220.95,102452,2026-08-27 05:00:00
36,276.32,276.45,276.3,276.3,489,2026-08-27 05:00:00
36,492.1,492.95,492.0,492.0,4107,2026-08-27 05:00:00
36,61.48,61.56,61.48,61.56,64,2026-08-27 06:00:00
36,341.87,341.89,341.0,341.13,11479,2026-08-27 05:00:00
36,311.0,311.0,310.5,310.64,7024,2026-08-27 05:00:00
36,576.17,576.22,574.51,574.51,4950,2026-08-27 05:00:00
36,346.1,346.18,345.52,346.05,5244,2026-08-27 05:00:00
36,260.14,260.14,259.7,259.7,8832,2026-08-27 05:00:00
37,276.3,276.3,275.15,275.15,267,2026-08-27 05:30:00
37,220.95,221.27,220.38,221.16,124422,2026-08-27 05:30:00
37,346.05,346.08,345.17,345.48,9671,2026-08-27 05:30:00
37,492.02,492.07,491.2,491.2,7042,2026-08-27 05:30:00
37,310.6,310.71,310.27,310.52,9972,2026-08-27 05:30:00
37,80.65,80.65,80.5,80.61,5814,2026-08-27 05:30:00
37,259.73,259.73,258.7,259.0,11830,2026-08-27 05:30:00
37,61.46,61.5,61.39,61.5,509,2026-08-27 06:30:00
37,341.03,341.14,340.44,340.73,17437,2026-08-27 05:30:00
37,574.94,575.06,573.29,573.97,9966,2026-08-27 05:30:00
38,259.05,259.65,258.97,259.36,16233,2026-08-27 06:00:00
38,573.65,574.01,572.8,573.8,7615,2026-08-27 06:00:00
38,80.56,80.61,80.41,80.6,5914,2026-08-27 06:00:00
38,310.58,310.7,310.2,310.69,12414,2026-08-27 06:00:00
38,275.27,275.86,275.13,275.84,178,2026-08-27 06:00:00
38,491.5,491.99,490.89,491.72,5380,2026-08-27 06:00:00
38,340.73,340.99,340.5,340.63,10249,2026-08-27 06:00:00
38,345.51,346.15,345.25,345.93,7735,2026-08-27 06:00:00
38,221.15,221.16,219.22,219.44,235290,2026-08-27 06:00:00
38,61.49,61.5,61.3,61.3,1619,2026-08-27 07:00:00
39,345.98,346.44,345.81,346.4,7362,2026-08-27 06:30:00
39,259.27,259.36,259.19,259.26,5392,2026-08-27 06:30:00
39,219.46,220.78,219.22,220.72,203764,2026-08-27 06:30:00
39,573.8,574.28,573.0,574.03,6813,2026-08-27 06:30:00
39,275.73,276.45,275.73,276.12,452,2026-08-27 06:30:00
39,340.61,341.05,340.57,340.8,10301,2026-08-27 06:30:00
39,491.73,492.15,491.73,492.06,2732,2026-08-27 06:30:00
39,80.61,80.77,80.6,80.73,1871,2026-08-27 06:30:00
39,310.67,310.82,310.56,310.63,9391,2026-08-27 06:30:00
39,61.46,61.53,61.38,61.53,769,2026-08-27 07:30:00
40,80.76,80.76,80.54,80.55,1585,2026-08-27 07:00:00
40,276.31,276.98,276.31,276.54,545,2026-08-27 07:00:00
40,310.65,310.85,310.51,310.66,6934,2026-08-27 07:00:00
40,346.38,347.2,346.15,347.2,8824,2026-08-27 07:00:00
40,259.26,259.61,259.16,259.24,4701,2026-08-27 07:00:00
40,491.99,492.35,491.81,492.35,3590,2026-08-27 07:00:00
40,340.8,341.24,340.7,341.0,11081,2026-08-27 07:00:00
40,220.72,222.1,220.32,222.08,237330,2026-08-27 07:00:00
40,573.81,574.37,573.31,573.86,4174,2026-08-27 07:00:00
40,61.47,61.52,61.47,61.47,4701,2026-08-27 08:00:00
41,80.57,80.6,80.46,80.46,1799,2026-08-27 07:30:00
41,573.7,574.84,573.54,574.84,2314,2026-08-27 07:30:00
41,259.36,259.88,259.09,259.78,11324,2026-08-27 07:30:00
41,310.61,310.87,310.61,310.87,3070,2026-08-27 07:30:00
41,61.47,61.47,61.4,61.45,1207,2026-08-27 08:30:00
41,341.0,341.1,340.75,340.93,6057,2026-08-27 07:30:00
41,276.96,276.97,276.0,276.16,381,2026-08-27 07:30:00
41,492.03,492.48,491.8,492.48,3170,2026-08-27 07:30:00
41,347.2,347.44,346.59,346.83,8548,2026-08-27 07:30:00
41,222.05,222.23,221.53,222.17,100797,2026-08-27 07:30:00
42,573.5,575.59,573.5,574.965,12510,2026-08-27 08:00:00
42,260.42,260.42,259.58,259.86,25055,2026-08-27 08:00:00
42,311.39,311.5,310.4603,310.51,25668,2026-08-27 08:00:00
42,276.0,276.98,276.0,276.0,967,2026-08-27 08:00:00
42,222.0,225.93,220.32,225.75,1418230,2026-08-27 08:00:00
42,80.58,80.58,80.33,80.33,15141,2026-08-27 08:00:00
42,61.339,61.339,61.32,61.32,440,2026-08-27 09:00:00
42,492.55,492.88,491.0673,491.66,12819,2026-08-27 08:00:00
42,341.63,341.63,340.51,340.78,20734,2026-08-27 08:00:00
42,346.52,347.99,346.52,347.73,35372,2026-08-27 08:00:00
43,574.56,575.61,574.01,574.01,9120,2026-08-27 08:30:00
43,225.71,226.81,224.7002,226.3,905893,2026-08-27 08:30:00
43,80.3,80.57,80.16,80.16,22755,2026-08-27 08:30:00
43,61.39,61.41,61.38,61.4,1296,2026-08-27 09:30:00
43,259.93,260.0,259.48,259.65,16060,2026-08-27 08:30:00
43,491.34,491.74,490.17,490.17,12352,2026-08-27 08:30:00
43,275.36,275.67,275.0,275.0,1303,2026-08-27 08:30:00
43,310.45,310.65,310.15,310.2,16803,2026-08-27 08:30:00
43,340.7754,340.97,340.4177,340.49,16191,2026-08-27 08:30:00
43,347.74,347.76,346.94,347.22,23605,2026-08-27 08:30:00
44,275.17,275.17,275.17,275.17,100,2026-08-27 09:00:00
44,226.28,226.28,224.52,224.69,580169,2026-08-27 09:00:00
44,347.05,347.46,346.63,347.0,15887,2026-08-27 09:00:00
44,310.22,310.4,309.8,310.19,31448,2026-08-27 09:00:00
44,259.42,259.73,259.2,259.55,12653,2026-08-27 09:00:00
44,340.59,341.03,340.3036,341.01,12906,2026-08-27 09:00:00
44,80.2,80.4819,80.17,80.45,15965,2026-08-27 09:00:00
44,490.22,491.3,490.17,491.01,18460,2026-08-27 09:00:00
44,61.455,61.48,61.41,61.41,1985,2026-08-27 10:00:00
44,574.31,574.67,573.5,574.0,6093,2026-08-27 09:00:00
45,574.3,575.5,574.3,574.54,4092,2026-08-27 09:30:00
45,80.48,80.48,80.39,80.44,3918,2026-08-27 09:30:00
45,347.3,347.7275,347.3,347.49,9064,2026-08-27 09:30:00
45,491.29,491.67,490.99,491.66,7939,2026-08-27 09:30:00
45,310.18,310.31,310.0,310.08,11324,2026-08-27 09:30:00
45,259.7,259.79,259.5,259.57,17973,2026-08-27 09:30:00
45,224.7,225.4,224.5,224.51,288678,2026-08-27 09:30:00
45,275.4,276.0,275.3,275.3,336,2026-08-27 09:30:00
45,341.0,341.46,340.91,341.25,12570,2026-08-27 09:30:00
45,61.35,61.45,61.34,61.45,5376,2026-08-27 10:30:00
46,310.05,310.34,310.0,310.32,18876,2026-08-27 10:00:00
46,491.33,491.67,491.0,491.67,8451,2026-08-27 10:00:00
46,347.42,347.42,347.0,347.14,6729,2026-08-27 10:00:00
46,224.55,225.11,223.88,223.9572,390708,2026-08-27 10:00:00
46,341.21,341.27,340.68,341.11,18240,2026-08-27 10:00:00
46,275.3,275.5,275.3,275.5,1040,2026-08-27 10:00:00
46,80.44,80.48,80.39,80.4516,8013,2026-08-27 10:00:00
46,574.1967,574.5,573.02,573.02,5489,2026-08-27 10:00:00
46,61.5168,61.64,61.3917,61.6,24846,2026-08-27 11:00:00
46,259.49,259.7,259.35,259.4,18449,2026-08-27 10:00:00
47,223.932,225.0,223.74,223.79,373378,2026-08-27 10:30:00
47,310.32,310.4,310.12,310.27,10076,2026-08-27 10:30:00
47,80.43,80.61,80.42,80.5,4600,2026-08-27 10:30:00
47,61.61,61.73,61.6,61.73,3389,2026-08-27 11:30:00
47,347.0319,347.3,346.71,347.19,13903,2026-08-27 10:30:00
47,341.19,341.38,340.66,341.1,11686,2026-08-27 10:30:00
47,573.7,574.65,573.7,574.2,8694,2026-08-27 10:30:00
47,275.5,275.51,275.5,275.5,1083,2026-08-27 10:30:00
47,259.32,259.7738,259.22,259.6498,5440,2026-08-27 10:30:00
47,491.42,491.9,491.2,491.85,4691,2026-08-27 10:30:00
48,223.77,223.95,222.3,222.31,1441998,2026-08-27 11:00:00
48,310.3,310.6,310.1,310.45,46386,2026-08-27 11:00:00
48,276.0,276.0,275.08,275.9,2010,2026-08-27 11:00:00
48,347.18,347.88,346.56,346.59,31858,2026-08-27 11:00:00
48,259.63,259.9,259.39,259.6,44199,2026-08-27 11:00:00
48,491.82,492.98,491.76,492.58,42284,2026-08-27 11:00:00
48,574.54,574.64,573.6387,574.0,17661,2026-08-27 11:00:00
48,80.55,80.71,80.45,80.7099,24406,2026-08-27 11:00:00
48,341.2,341.59,340.72,340.72,31969,2026-08-27 11:00:00
48,61.6,61.7034,61.6,61.6048,2017,2026-08-27 12:00:00
49,492.5017,492.75,491.8,492.39,13087,2026-08-27 11:30:00
49,310.475,310.617,310.13,310.6,57879,2026-08-27 11:30:00
49,222.3046,222.54,221.5,222.42,1970912,2026-08-27 11:30:00
49,275.8801,276.0,275.04,275.3115,2776,2026-08-27 11:30:00
49,340.7,340.86,340.32,340.6,32440,2026-08-27 11:30:00
49,346.59,346.99,345.8,346.34,39760,2026-08-27 11:30:00
49,573.7965,574.4,573.1,574.0,22651,2026-08-27 11:30:00
49,80.65,80.97,80.44,80.48,44038,2026-08-27 11:30:00
49,259.5,259.8,259.26,259.5,15311,2026-08-27 11:30:00
49,61.67,61.67,61.6,61.6,2242,2026-08-27 12:30:00
50,61.7,62.03,61.6189,62.0,24900,2026-08-27 13:00:00
50,276.39,276.5,275.8,275.8,2701,2026-08-27 12:00:00
50,574.0,574.58,573.75,574.25,23103,2026-08-27 12:00:00
50,492.4,492.78,491.61,491.99,17546,2026-08-27 12:00:00
50,80.47,80.7276,80.45,80.64,27767,2026-08-27 12:00:00
50,340.62,340.87,340.44,340.73,27191,2026-08-27 12:00:00
50,310.55,310.65,310.23,310.29,38533,2026-08-27 12:00:00
50,346.4,346.85,345.6,345.78,67986,2026-08-27 12:00:00
50,222.4,223.68,221.94,223.2999,1293222,2026-08-27 12:00:00
50,259.5569,259.9408,259.4,259.6362,17647,2026-08-27 12:00:00
51,345.66,345.98,345.34,345.63,41918,2026-08-27 12:30:00
51,223.2959,223.55,221.5,222.2,1314026,2026-08-27 12:30:00
51,61.98,62.31,61.91,62.25,526303,2026-08-27 13:30:00
51,276.18,277.99,276.1,277.99,8528,2026-08-27 12:30:00
51,574.4,574.6801,573.05,574.1,21863,2026-08-27 12:30:00
51,491.8,493.24,491.73,492.78,42800,2026-08-27 12:30:00
51,259.59,260.1,259.26,259.9,47018,2026-08-27 12:30:00
51,80.4779,80.72,80.34,80.5,24925,2026-08-27 12:30:00
51,340.66,340.76,340.25,340.5,24300,2026-08-27 12:30:00
51,310.3,310.43,309.9,310.3589,57839,2026-08-27 12:30:00
52,277.99,280.0,277.92,279.94,10772,2026-08-27 13:00:00
52,80.5,81.2,80.31,81.11,62845,2026-08-27 13:00:00
52,222.19,223.99,221.75,222.86,2089017,2026-08-27 13:00:00
52,310.35,310.64,309.93,310.59,74920,2026-08-27 13:00:00
52,259.99,260.1,258.99,259.12,57246,2026-08-27 13:00:00
52,574.05,576.5,574.05,575.57,37431,2026-08-27 13:00:00
52,62.225,62.31,61.6302,61.64,263731,2026-08-27 14:00:00
52,340.41,340.65,339.5269,339.77,64840,2026-08-27 13:00:00
52,492.65,495.46,492.65,494.94,37572,2026-08-27 13:00:00
52,345.73,346.66,345.6015,346.29,66490,2026-08-27 13:00:00
53,576.35,583.05,567.62,582.43,2225555,2026-08-27 13:30:00
53,310.545,312.102,309.4001,311.605,3245714,2026-08-27 13:30:00
53,81.07,81.15,79.2801,79.5947,3384954,2026-08-27 13:30:00
53,259.23,259.66,255.58,257.4802,3825406,2026-08-27 13:30:00
53,222.86,225.83,220.9,224.22,43644934,2026-08-27 13:30:00
53,346.29,352.44,345.45,350.29,4237807,2026-08-27 13:30:00
53,279.16,287.105,278.37,286.76,677650,2026-08-27 13:30:00
53,339.67,341.62,338.52,340.46,2622001,2026-08-27 13:30:00
53,61.6455,62.07,61.63,61.94,334123,2026-08-27 14:30:00
53,494.94,499.905,490.08,499.2,2229721,2026-08-27 13:30:00
54,350.215,353.42,349.35,352.47,2667358,2026-08-27 14:00:00
54,79.58,79.9386,79.42,79.73,1504472,2026-08-27 14:00:00
54,61.94,62.08,61.76,61.79,292624,2026-08-27 15:00:00
54,311.58,311.99,309.63,310.7921,2327701,2026-08-27 14:00:00
54,257.42,257.7299,256.61,257.125,1666372,2026-08-27 14:00:00
54,286.84,287.81,284.6075,285.43,509818,2026-08-27 14:00:00
54,224.24,226.4,223.9439,225.72,20653182,2026-08-27 14:00:00
54,499.2,505.5,498.6,505.06,2321876,2026-08-27 14:00:00
54,340.415,341.02,339.33,339.985,884496,2026-08-27 14:00:00
54,582.43,588.39,578.2642,578.34,1515453,2026-08-27 14:00:00
55,79.72,79.855,79.3,79.5405,1286832,2026-08-27 14:30:00
55,339.98,341.08,339.0,340.89,839303,2026-08-27 14:30:00
55,578.34,578.79,570.5,573.61,1254433,2026-08-27 14:30:00
55,310.8,313.78,310.63,313.41,1893668,2026-08-27 14:30:00
55,61.79,61.86,61.63,61.68,151818,2026-08-27 15:30:00
55,352.49,354.93,350.5,353.695,2446973,2026-08-27 14:30:00
55,505.125,505.4,502.4601,502.825,1293319,2026-08-27 14:30:00
55,257.125,257.28,256.55,256.78,1472863,2026-08-27 14:30:00
55,225.72,226.98,223.48,226.95,13782299,2026-08-27 14:30:00
55,285.51,290.2,285.24,290.1499,424879,2026-08-27 14:30:00
56,290.15,291.175,288.33,288.45,363059,2026-08-27 15:00:00
56,353.74,353.83,352.01,352.44,1349458,2026-08-27 15:00:00
56,573.79,573.89,570.63,571.485,581229,2026-08-27 15:00:00
56,226.957,227.31,225.02,225.45,11318644,2026-08-27 15:00:00
56,79.55,79.96,79.47,79.6901,946048,2026-08-27 15:00:00
56,502.825,503.775,499.91,500.33,1054182,2026-08-27 15:00:00
56,313.42,315.17,313.42,314.65,1407476,2026-08-27 15:00:00
56,340.91,341.41,339.65,340.61,679802,2026-08-27 15:00:00
56,61.68,61.7265,61.585,61.615,154746,2026-08-27 16:00:00
56,256.82,257.58,256.39,256.42,1113029,2026-08-27 15:00:00
57,571.5,573.6336,570.31,573.11,469296,2026-08-27 15:30:00
57,500.24,500.78,498.01,499.47,783695,2026-08-27 15:30:00
57,314.655,315.0799,314.15,314.805,887119,2026-08-27 15:30:00
57,352.48,353.13,350.65,352.48,1328505,2026-08-27 15:30:00
57,225.45,226.78,224.84,226.18,8012985,2026-08-27 15:30:00
57,340.63,341.0,340.175,340.5501,465381,2026-08-27 15:30:00
57,79.69,79.82,79.585,79.66,624974,2026-08-27 15:30:00
57,288.545,289.02,286.6301,287.06,371940,2026-08-27 15:30:00
57,256.4,256.54,255.87,256.345,986119,2026-08-27 15:30:00
57,61.61,61.71,61.565,61.6,146787,2026-08-27 16:30:00
58,352.475,352.97,352.08,352.91,892038,2026-08-27 16:00:00
58,573.195,574.2992,572.71,572.9508,357666,2026-08-27 16:00:00
58,226.185,228.64,226.1494,228.525,12320422,2026-08-27 16:00:00
58,61.61,61.68,61.565,61.61,81926,2026-08-27 17:00:00
58,287.02,288.59,286.6101,288.54,184098,2026-08-27 16:00:00
58,340.55,341.31,340.2,341.285,424827,2026-08-27 16:00:00
58,314.82,314.97,314.1101,314.57,718641,2026-08-27 16:00:00
58,256.345,256.75,256.145,256.46,875851,2026-08-27 16:00:00
58,499.475,502.57,498.61,502.365,687110,2026-08-27 16:00:00
58,79.665,79.755,79.55,79.62,651621,2026-08-27 16:00:00
59,256.46,256.76,255.923,256.303,1011847,2026-08-27 16:30:00
59,341.285,341.69,340.54,340.8957,531107,2026-08-27 16:30:00
59,352.9121,354.73,352.5461,353.9,1418741,2026-08-27 16:30:00
59,314.565,315.185,314.25,315.002,746729,2026-08-27 16:30:00
59,502.36,504.7045,502.35,504.055,660383,2026-08-27 16:30:00
59,228.53,229.85,228.315,229.6731,12186111,2026-08-27 16:30:00
59,572.84,572.9552,569.72,571.03,498823,2026-08-27 16:30:00
59,79.6201,79.875,79.4601,79.745,856701,2026-08-27 16:30:00
59,288.52,289.48,288.36,289.34,295526,2026-08-27 16:30:00
59,61.6,61.645,61.395,61.42,180336,2026-08-27 17:30:00
60,340.85,341.6,340.65,341.02,385683,2026-08-27 17:00:00
60,229.6701,230.47,229.2,229.2495,12554738,2026-08-27 17:00:00
60,504.15,504.6999,503.13,503.28,502504,2026-08-27 17:00:00
60,61.425,61.5,61.405,61.46,134691,2026-08-27 18:00:00
60,570.94,571.9,570.41,571.22,348424,2026-08-27 17:00:00
60,79.745,79.8651,79.72,79.8196,604163,2026-08-27 17:00:00
60,289.5,289.87,288.54,289.175,113942,2026-08-27 17:00:00
60,315.02,315.4,314.74,315.27,763598,2026-08-27 17:00:00
60,256.29,256.29,255.44,255.9,1349612,2026-08-27 17:00:00
60,353.89,355.62,353.71,354.165,1604721,2026-08-27 17:00:00
61,229.24,229.6,228.25,228.26,7086306,2026-08-27 17:30:00
61,289.1834,290.4999,289.11,289.56,175078,2026-08-27 17:30:00
61,255.89,256.43,255.47,255.88,1272572,2026-08-27 17:30:00
61,61.46,61.47,61.37,61.425,159621,2026-08-27 18:30:00
61,354.165,354.733,353.62,354.235,808502,2026-08-27 17:30:00
61,341.04,341.57,340.48,340.82,400825,2026-08-27 17:30:00
61,79.815,79.96,79.81,79.835,564370,2026-08-27 17:30:00
61,315.28,315.34,314.49,314.825,689925,2026-08-27 17:30:00
61,503.325,505.99,503.27,504.155,1010525,2026-08-27 17:30:00
61,571.135,571.8351,569.51,570.15,414418,2026-08-27 17:30:00
62,228.27,228.355,226.08,226.09,8646704,2026-08-27 18:00:00
62,61.43,61.585,61.415,61.49,189221,2026-08-27 19:00:00
62,504.17,504.48,501.37,502.5,612010,2026-08-27 18:00:00
62,340.86,341.44,340.3,340.4901,419043,2026-08-27 18:00:00
62,354.235,354.26,353.25,354.145,831697,2026-08-27 18:00:00
62,255.855,256.11,255.02,255.09,1131850,2026-08-27 18:00:00
62,570.2,570.47,568.02,569.16,333464,2026-08-27 18:00:00
62,314.84,314.91,313.9935,314.18,599890,2026-08-27 18:00:00
62,79.84,79.9399,79.635,79.8101,578404,2026-08-27 18:00:00
62,289.51,290.32,289.185,290.0,132353,2026-08-27 18:00:00
63,569.16,569.97,568.81,569.485,303518,2026-08-27 18:30:00
63,502.45,504.6,502.049,504.38,576392,2026-08-27 18:30:00
63,61.48,61.665,61.435,61.44,626115,2026-08-27 19:30:00
63,314.2,314.587,313.57,313.87,668322,2026-08-27 18:30:00
63,79.815,79.96,79.775,79.845,1075297,2026-08-27 18:30:00
63,290.01,290.3847,289.39,290.0,110064,2026-08-27 18:30:00
63,354.19,355.74,354.05,355.1499,1436832,2026-08-27 18:30:00
63,255.095,255.63,255.095,255.54,699304,2026-08-27 18:30:00
63,340.52,340.98,340.52,340.715,371973,2026-08-27 18:30:00
63,226.1,226.97,225.35,226.1167,8985425,2026-08-27 18:30:00
64,79.84,80.06,79.69,79.995,876086,2026-08-27 19:00:00
64,355.09,355.39,353.78,354.2383,1021014,2026-08-27 19:00:00
64,569.44,570.7985,568.7,569.43,356151,2026-08-27 19:00:00
64,255.55,256.08,255.51,255.74,796715,2026-08-27 19:00:00
64,504.35,506.48,504.25,505.5,1118549,2026-08-27 19:00:00
64,61.47,61.604,61.4,61.546,3836307,2026-08-27 20:00:00
64,340.74,341.06,340.39,340.54,514296,2026-08-27 19:00:00
64,290.02,290.6697,289.63,290.13,141521,2026-08-27 19:00:00
64,226.13,227.48,225.61,227.21,8962882,2026-08-27 19:00:00
64,313.87,314.38,313.445,313.57,779960,2026-08-27 19:00:00
65,354.2,355.71,353.9,354.59,2190339,2026-08-27 19:30:00
65,340.54,341.18,340.24,340.63,1403895,2026-08-27 19:30:00
65,569.38,572.19,568.73,571.07,942395,2026-08-27 19:30:00
65,61.54,61.54,61.54,61.54,100,2026-08-27 20:30:00
65,227.2,228.98,226.9458,228.05,14427956,2026-08-27 19:30:00
65,79.995,80.19,79.81,79.83,2922410,2026-08-27 19:30:00
65,505.5,506.2,504.48,504.88,2030047,2026-08-27 19:30:00
65,290.11,290.64,288.81,289.14,516280,2026-08-27 19:30:00
65,255.73,257.08,255.73,256.22,2617141,2026-08-27 19:30:00
65,313.575,315.1,313.37,314.575,2388648,2026-08-27 19:30:00
66,289.15,289.15,287.6038,287.6038,694299,2026-08-27 20:00:00
66,340.65,340.97,339.99,340.72,5109696,2026-08-27 20:00:00
66,354.62,354.81,354.0,354.47,2857203,2026-08-27 20:00:00
66,314.54,314.64,313.8,313.99,7446176,2026-08-27 20:00:00
66,79.82,80.09,79.65,79.92,3839378,2026-08-27 20:00:00
66,61.55,61.55,61.36,61.49,6706,2026-08-27 21:00:00
66,571.015,571.8,569.64,570.58,2024765,2026-08-27 20:00:00
66,504.88,506.5,503.85,503.85,4147948,2026-08-27 20:00:00
66,256.2,256.51,255.8,256.26,5788128,2026-08-27 20:00:00
66,227.91,228.04,226.6494,226.77,22955596,2026-08-27 20:00:00
67,61.5301,61.5301,61.5301,61.5301,160,2026-08-27 21:30:00
67,340.6908,341.18,340.6,340.682,11284,2026-08-27 20:30:00
67,570.6,570.9582,570.4,570.8216,11694,2026-08-27 20:30:00
67,503.61,504.44,503.3,503.3112,11445,2026-08-27 20:30:00
67,354.47,354.81,354.4,354.4512,32425,2026-08-27 20:30:00
67,79.945,80.19,79.945,80.05,25895,2026-08-27 20:30:00
67,256.27,256.49,256.18,256.33,22282,2026-08-27 20:30:00
67,226.76,227.0,226.58,226.83,267878,2026-08-27 20:30:00
67,314.0,314.58,313.85,313.9,29026,2026-08-27 20:30:00
67,287.98,289.15,287.7181,289.15,4833,2026-08-27 20:30:00
68,503.3016,503.69,503.1001,503.1418,10236,2026-08-27 21:00:00
68,256.28,256.4459,256.26,256.3428,26943,2026-08-27 21:00:00
68,570.84,571.49,570.6,571.22,10241,2026-08-27 21:00:00
68,340.682,340.8,340.65,340.75,6293,2026-08-27 21:00:00
68,314.17,314.42,314.04,314.24,5904,2026-08-27 21:00:00
68,61.4102,61.4102,61.4102,61.4102,100,2026-08-27 22:00:00
68,80.07,80.139,80.02,80.05,15557,2026-08-27 21:00:00
68,226.8092,227.38,226.71,226.9,233205,2026-08-27 21:00:00
68,287.89,288.8,287.89,288.39,1919,2026-08-27 21:00:00
68,354.47,354.74,354.47,354.65,9499,2026-08-27 21:00:00
69,61.455,61.5,61.45,61.5,558,2026-08-27 22:30:00
69,289.15,289.15,288.34,288.82,793,2026-08-27 21:30:00
69,503.22,503.76,503.2,503.58,6282,2026-08-27 21:30:00
69,314.24,314.38,314.1,314.38,6030,2026-08-27 21:30:00
69,80.1,80.18,80.05,80.06,26573,2026-08-27 21:30:00
69,571.05,571.46,571.0,571.46,6085,2026-08-27 21:30:00
69,226.94,226.9723,225.8301,226.0,252740,2026-08-27 21:30:00
69,256.3907,256.4,256.25,256.3143,12886,2026-08-27 21:30:00
69,354.64,354.7185,354.1801,354.28,26172,2026-08-27 21:30:00
69,340.7,340.8,340.65,340.8,6143,2026-08-27 21:30:00
70,80.12,80.153,80.06,80.1485,12018,2026-08-27 22:00:00
70,289.031,289.031,288.92,288.92,371,2026-08-27 22:00:00
70,571.6,571.6,571.1,571.25,8405,2026-08-27 22:00:00
70,354.35,354.35,354.01,354.2722,19889,2026-08-27 22:00:00
70,314.41,314.5,314.25,314.5,6945,2026-08-27 22:00:00
70,256.44,256.48,256.2995,256.4772,5688,2026-08-27 22:00:00
70,503.7,503.8,503.3059,503.78,3808,2026-08-27 22:00:00
70,340.77,341.0,340.7,340.9485,9076,2026-08-27 22:00:00
70,226.01,226.47,225.83,226.47,210406,2026-08-27 22:00:00
70,61.4239,61.4239,61.4239,61.4239,135,2026-08-27 23:00:00
71,340.93,340.93,340.6,340.7,5851,2026-08-27 22:30:00
71,571.25,571.59,571.1151,571.55,3135,2026-08-27 22:30:00
71,314.45,314.63,314.4,314.62,5825,2026-08-27 22:30:00
71,503.721,503.721,503.3028,503.57,12677,2026-08-27 22:30:00
71,61.5,61.5,61.4779,61.4779,750,2026-08-27 23:30:00
71,256.48,256.55,256.34,256.48,4869,2026-08-27 22:30:00
71,354.32,354.42,354.21,354.3186,10870,2026-08-27 22:30:00
71,80.145,80.1487,80.0748,80.1487,9046,2026-08-27 22:30:00
71,226.46,226.51,226.2689,226.33,112685,2026-08-27 22:30:00
71,289.0,289.2,289.0,289.2,612,2026-08-27 22:30:00
72,571.6,571.8,571.3043,571.3043,5645,2026-08-27 23:00:00
72,503.76,503.8,503.25,503.3211,3358,2026-08-27 23:00:00
72,340.76,340.8118,340.58,340.6,3930,2026-08-27 23:00:00
72,314.58,314.73,314.4525,314.64,5263,2026-08-27 23:00:00
72,61.49,61.53,61.48,61.48,62,2026-08-28 00:00:00
72,354.36,354.59,354.21,354.38,21982,2026-08-27 23:00:00
72,289.0,289.0,289.0,289.0,120,2026-08-27 23:00:00
72,226.3599,226.44,226.02,226.05,97214,2026-08-27 23:00:00
72,256.5,256.5456,256.34,256.3772,17694,2026-08-27 23:00:00
72,80.15,80.17,80.06,80.0609,13494,2026-08-27 23:00:00
73,226.05,226.35,226.0,226.14,171558,2026-08-27 23:30:00
73,289.04,289.15,288.81,288.81,437,2026-08-27 23:30:00
73,571.3,571.45,570.912,571.13,6492,2026-08-27 23:30:00
73,503.55,503.65,503.1,503.1,3176,2026-08-27 23:30:00
73,354.39,354.65,354.281,354.65,20736,2026-08-27 23:30:00
73,340.6453,340.65,340.4,340.45,7616,2026-08-27 23:30:00
73,314.7,314.9761,314.6,314.9399,11745,2026-08-27 23:30:00
73,80.1402,80.1402,80.06,80.1379,8248,2026-08-27 23:30:00
73,61.53,61.54,61.53,61.54,6,2026-08-28 00:30:00
73,256.3898,256.39,256.2171,256.2171,16238,2026-08-27 23:30:00
74,61.56,61.58,61.52,61.52,93,2026-08-28 01:00:00
74,354.59,355.23,354.12,355.13,4090,2026-08-28 00:00:00
74,503.41,504.16,502.77,504.08,1551,2026-08-28 00:00:00
74,80.11,80.28,80.11,80.22,1885,2026-08-28 00:00:00
74,288.6,289.45,288.6,288.98,48,2026-08-28 00:00:00
74,226.66,226.66,225.99,226.29,40348,2026-08-28 00:00:00
74,571.3,571.89,571.08,571.48,1266,2026-08-28 00:00:00
74,314.7,315.19,314.55,315.09,2976,2026-08-28 00:00:00
74,340.66,341.0,340.43,340.95,2709,2026-08-28 00:00:00
74,256.27,256.65,256.27,256.61,2598,2026-08-28 00:00:00
75,340.95,341.01,340.87,341.0,3063,2026-08-28 00:30:00
75,355.23,355.26,354.7,354.78,4337,2026-08-28 00:30:00
75,226.28,226.6,226.14,226.25,40573,2026-08-28 00:30:00
75,571.41,571.62,571.16,571.49,776,2026-08-28 00:30:00
75,61.52,61.52,53.5,53.71,263423,2026-08-28 01:30:00
75,256.62,256.72,256.45,256.49,3116,2026-08-28 00:30:00
75,289.37,289.63,289.05,289.63,26,2026-08-28 00:30:00
75,503.91,503.97,503.55,503.71,1289,2026-08-28 00:30:00
75,80.19,80.21,80.15,80.21,1548,2026-08-28 00:30:00
75,315.09,315.1,314.71,314.76,2925,2026-08-28 00:30:00
76,503.72,504.5,503.63,504.37,1314,2026-08-28 01:00:00
76,354.69,355.07,354.54,354.55,2566,2026-08-28 01:00:00
76,226.25,226.64,226.18,226.61,26519,2026-08-28 01:00:00
76,256.49,256.58,256.49,256.58,2199,2026-08-28 01:00:00
76,80.21,80.24,80.16,80.19,1336,2026-08-28 01:00:00
76,340.98,341.21,340.9,341.11,2661,2026-08-28 01:00:00
76,53.65,54.39,53.0,54.39,80483,2026-08-28 02:00:00
76,571.69,571.88,571.5,571.5,661,2026-08-28 01:00:00
76,314.76,314.92,314.71,314.74,1475,2026-08-28 01:00:00
76,289.48,290.06,289.48,290.06,122,2026-08-28 01:00:00
77,256.57,256.66,256.47,256.63,4476,2026-08-28 01:30:00
77,354.53,355.05,354.44,355.03,2536,2026-08-28 01:30:00
77,314.72,315.16,314.65,315.12,2002,2026-08-28 01:30:00
77,80.19,80.25,80.19,80.25,1105,2026-08-28 01:30:00
77,226.61,226.85,226.48,226.81,41289,2026-08-28 01:30:00
77,290.08,290.24,289.67,290.24,438,2026-08-28 01:30:00
77,504.3,504.72,504.2,504.57,1014,2026-08-28 01:30:00
77,54.35,54.44,53.66,53.91,33421,2026-08-28 02:30:00
77,341.1,341.24,341.0,341.18,4022,2026-08-28 01:30:00
77,571.51,571.65,571.15,571.45,1590,2026-08-28 01:30:00
78,504.71,505.07,504.54,504.84,1608,2026-08-28 02:00:00
78,341.2,341.59,341.2,341.55,4187,2026-08-28 02:00:00
78,571.49,572.01,571.49,571.74,2227,2026-08-28 02:00:00
78,355.07,355.4,354.8,355.1,4889,2026-08-28 02:00:00
78,290.41,291.48,290.28,291.36,719,2026-08-28 02:00:00
78,315.14,315.21,315.02,315.02,1913,2026-08-28 02:00:00
78,256.65,256.79,256.57,256.77,2791,2026-08-28 02:00:00
78,53.91,54.44,53.59,53.8,25245,2026-08-28 03:00:00
78,80.25,80.28,80.23,80.25,295,2026-08-28 02:00:00
78,226.84,226.9,226.61,226.74,33807,2026-08-28 02:00:00
79,53.76,53.8,53.65,53.77,5736,2026-08-28 03:30:00
79,315.01,315.06,314.83,314.96,1576,2026-08-28 02:30:00
79,504.79,504.85,504.08,504.6,872,2026-08-28 02:30:00
79,80.26,80.27,80.19,80.25,1468,2026-08-28 02:30:00
79,291.23,291.8,290.8,290.98,506,2026-08-28 02:30:00
79,355.07,355.12,354.63,354.8,3308,2026-08-28 02:30:00
79,226.71,226.71,226.19,226.37,41734,2026-08-28 02:30:00
79,571.74,571.82,571.31,571.53,458,2026-08-28 02:30:00
79,341.54,341.54,341.19,341.23,2378,2026-08-28 02:30:00
79,256.77,256.79,256.56,256.7,1995,2026-08-28 02:30:00
80,226.39,227.01,226.39,226.97,37148,2026-08-28 03:00:00
80,314.96,315.44,314.92,315.42,3429,2026-08-28 03:00:00
80,341.24,341.32,341.21,341.29,3570,2026-08-28 03:00:00
80,354.8,355.44,354.78,355.44,3531,2026-08-28 03:00:00
80,571.53,572.64,571.41,572.64,2173,2026-08-28 03:00:00
80,53.77,53.9,53.35,53.6,11249,2026-08-28 04:00:00
80,504.51,505.11,504.05,505.1,1968,2026-08-28 03:00:00
80,80.25,80.32,80.25,80.31,1481,2026-08-28 03:00:00
80,291.2,291.5,290.44,290.45,1166,2026-08-28 03:00:00
80,256.67,256.95,256.67,256.94,4742,2026-08-28 03:00:00
81,341.29,341.3,341.05,341.18,2198,2026-08-28 03:30:00
81,80.27,80.3,80.21,80.21,2402,2026-08-28 03:30:00
81,226.97,226.97,226.46,226.55,15279,2026-08-28 03:30:00
81,256.94,256.95,256.66,256.74,3089,2026-08-28 03:30:00
81,355.39,355.39,354.85,354.98,2752,2026-08-28 03:30:00
81,315.39,315.42,315.13,315.18,1227,2026-08-28 03:30:00
81,505.09,505.11,504.44,504.62,1131,2026-08-28 03:30:00
81,572.64,572.64,571.89,572.1,532,2026-08-28 03:30:00
81,290.45,290.91,290.42,290.71,115,2026-08-28 03:30:00
81,53.68,53.89,53.39,53.57,6360,2026-08-28 04:30:00
82,354.91,355.04,354.71,354.87,2950,2026-08-28 04:00:00
82,315.18,315.21,315.05,315.11,669,2026-08-28 04:00:00
82,504.53,504.6,504.31,504.58,248,2026-08-28 04:00:00
82,572.1,572.13,571.7,571.98,505,2026-08-28 04:00:00
82,226.54,226.71,226.35,226.65,22920,2026-08-28 04:00:00
82,256.78,256.78,256.67,256.73,1326,2026-08-28 04:00:00
82,290.71,290.94,290.51,290.51,171,2026-08-28 04:00:00
82,53.57,53.57,53.14,53.37,10857,2026-08-28 05:00:00
82,341.18,341.19,341.0,341.13,1362,2026-08-28 04:00:00
82,80.22,80.27,80.19,80.21,396,2026-08-28 04:00:00
83,80.21,80.28,80.17,80.22,1169,2026-08-28 04:30:00
83,315.11,315.2,315.05,315.07,647,2026-08-28 04:30:00
83,504.57,504.57,504.4,504.54,272,2026-08-28 04:30:00
83,571.96,571.96,571.69,571.87,296,2026-08-28 04:30:00
83,256.73,256.76,256.66,256.71,516,2026-08-28 04:30:00
83,226.64,226.68,226.54,226.63,11935,2026-08-28 04:30:00
83,53.38,53.5,51.5,52.81,67392,2026-08-28 05:30:00
83,290.69,290.69,290.28,290.42,186,2026-08-28 04:30:00
83,354.9,355.01,354.65,354.91,1811,2026-08-28 04:30:00
83,341.15,341.32,341.08,341.2,3418,2026-08-28 04:30:00
84,354.91,354.91,354.45,354.65,5581,2026-08-28 05:00:00
84,290.42,290.55,290.29,290.55,66,2026-08-28 05:00:00
84,256.74,256.74,256.62,256.69,1633,2026-08-28 05:00:00
84,80.21,80.23,80.14,80.23,395,2026-08-28 05:00:00
84,504.49,504.49,504.06,504.2,728,2026-08-28 05:00:00
84,226.6,226.6,226.2,226.36,17845,2026-08-28 05:00:00
84,571.64,571.85,571.42,571.85,715,2026-08-28 05:00:00
84,52.85,53.2,52.28,53.11,20030,2026-08-28 06:00:00
84,315.05,315.16,314.89,315.16,1206,2026-08-28 05:00:00
84,341.23,341.23,341.13,341.16,4165,2026-08-28 05:00:00
85,341.15,341.23,341.0,341.05,3284,2026-08-28 05:30:00
85,571.72,571.85,571.38,571.65,970,2026-08-28 05:30:00
85,80.18,80.29,80.15,80.23,2687,2026-08-28 05:30:00
85,256.69,256.75,256.55,256.68,3723,2026-08-28 05:30:00
85,53.11,53.26,52.6,52.79,18767,2026-08-28 06:30:00
85,226.36,226.42,226.14,226.19,18781,2026-08-28 05:30:00
85,315.16,315.57,315.1,315.38,3003,2026-08-28 05:30:00
85,354.64,354.76,354.32,354.41,2149,2026-08-28 05:30:00
85,504.22,504.38,503.76,503.76,2629,2026-08-28 05:30:00
85,290.5,291.0,290.47,290.67,507,2026-08-28 05:30:00
86,290.7,291.0,290.66,291.0,222,2026-08-28 06:00:00
86,52.79,53.0,52.2,52.82,33881,2026-08-28 07:00:00
86,256.65,256.74,256.57,256.7,1417,2026-08-28 06:00:00
86,226.17,226.56,226.15,226.35,29376,2026-08-28 06:00:00
86,354.34,354.79,354.32,354.53,1714,2026-08-28 06:00:00
86,80.23,80.3,80.23,80.3,1723,2026-08-28 06:00:00
86,571.55,571.87,571.37,571.59,1069,2026-08-28 06:00:00
86,315.39,315.55,315.2,315.24,2131,2026-08-28 06:00:00
86,503.8,503.98,503.68,503.8,1195,2026-08-28 06:00:00
86,341.04,341.14,340.89,341.09,3645,2026-08-28 06:00:00
87,256.7,256.9,256.67,256.9,1538,2026-08-28 06:30:00
87,354.54,355.33,354.54,355.33,3567,2026-08-28 06:30:00
87,315.24,315.82,315.24,315.79,5787,2026-08-28 06:30:00
87,290.76,291.13,290.67,291.1,577,2026-08-28 06:30:00
87,80.29,80.35,80.28,80.32,2306,2026-08-28 06:30:00
87,503.8,504.22,503.5,503.86,4973,2026-08-28 06:30:00
87,341.11,341.5,341.09,341.49,5444,2026-08-28 06:30:00
87,226.36,227.09,226.25,227.08,60883,2026-08-28 06:30:00
87,52.81,52.95,52.56,52.68,22299,2026-08-28 07:30:00
87,571.56,572.45,571.51,572.42,2720,2026-08-28 06:30:00
88,572.42,573.19,572.31,573.12,3973,2026-08-28 07:00:00
88,291.1,291.27,290.66,290.93,450,2026-08-28 07:00:00
88,256.9,256.95,256.75,256.85,4346,2026-08-28 07:00:00
88,341.49,341.66,341.41,341.6,4098,2026-08-28 07:00:00
88,355.29,355.57,355.0,355.55,6685,2026-08-28 07:00:00
88,315.83,315.85,315.45,315.58,5382,2026-08-28 07:00:00
88,227.08,227.08,226.4,226.61,42154,2026-08-28 07:00:00
88,503.93,504.49,503.8,504.37,6340,2026-08-28 07:00:00
88,53.24,53.53,52.0,52.5,206612,2026-08-28 08:00:00
88,80.33,80.36,80.26,80.28,1738,2026-08-28 07:00:00
89,290.95,291.29,290.85,290.87,464,2026-08-28 07:30:00
89,315.6,315.7,315.0,315.2,4619,2026-08-28 07:30:00
89,226.62,226.67,226.22,226.31,32062,2026-08-28 07:30:00
89,504.38,504.83,504.21,504.22,1616,2026-08-28 07:30:00
89,52.5,53.34,52.5,53.34,78131,2026-08-28 08:30:00
89,355.55,355.95,355.3,355.4,4538,2026-08-28 07:30:00
89,341.6,341.65,341.27,341.27,1638,2026-08-28 07:30:00
89,573.08,573.09,572.5,572.9,829,2026-08-28 07:30:00
89,256.87,257.11,256.71,256.91,5240,2026-08-28 07:30:00
89,80.29,80.34,80.28,80.3,834,2026-08-28 07:30:00
90,572.9,573.66,572.51,573.26,2727,2026-08-28 08:00:00
90,257.48,257.705,257.12,257.62,13872,2026-08-28 08:00:00
90,226.7,226.7,225.3,225.4799,260004,2026-08-28 08:00:00
90,80.23,80.35,80.22,80.34,2179,2026-08-28 08:00:00
90,315.06,315.74,315.06,315.74,14576,2026-08-28 08:00:00
90,504.3,504.96,504.05,504.33,4436,2026-08-28 08:00:00
90,355.45,356.59,355.0,356.41,19598,2026-08-28 08:00:00
90,53.36,53.725,53.35,53.5,58515,2026-08-28 09:00:00
90,289.89,291.6,289.89,291.14,1184,2026-08-28 08:00:00
90,340.71,342.1624,340.71,342.08,6681,2026-08-28 08:00:00
91,504.26,504.73,504.26,504.45,2100,2026-08-28 08:30:00
91,80.35,80.64,80.35,80.62,9771,2026-08-28 08:30:00
91,342.09,342.25,341.91,341.95,5074,2026-08-28 08:30:00
91,356.37,357.25,356.31,357.05,15939,2026-08-28 08:30:00
91,290.65,292.0,290.65,292.0,547,2026-08-28 08:30:00
91,573.5,574.0,572.88,573.33,7830,2026-08-28 08:30:00
91,53.57,53.86,53.3,53.35,42960,2026-08-28 09:30:00
91,315.64,315.97,315.41,315.62,8401,2026-08-28 08:30:00
91,257.55,257.85,257.55,257.7,11993,2026-08-28 08:30:00
91,225.46,225.69,225.2,225.47,140061,2026-08-28 08:30:00
92,341.95,342.3,341.95,342.15,8056,2026-08-28 09:00:00
92,225.45,226.0,225.35,225.71,82827,2026-08-28 09:00:00
92,357.25,358.0,356.8,356.8,18830,2026-08-28 09:00:00
92,573.54,573.54,573.17,573.45,1507,2026-08-28 09:00:00
92,504.35,504.53,504.3,504.4,3761,2026-08-28 09:00:00
92,315.6025,315.8,315.41,315.54,6755,2026-08-28 09:00:00
92,290.69,290.85,290.4,290.42,540,2026-08-28 09:00:00
92,53.3883,53.3974,52.91,52.93,51303,2026-08-28 10:00:00
92,80.63,80.63,80.54,80.56,7703,2026-08-28 09:00:00
92,257.72,257.8,257.3,257.3,12942,2026-08-28 09:00:00
93,80.55,80.6,80.45,80.4982,7160,2026-08-28 09:30:00
93,573.46,573.46,573.01,573.01,1644,2026-08-28 09:30:00
93,290.47,290.47,290.03,290.22,499,2026-08-28 09:30:00
93,356.72,356.95,356.26,356.26,5286,2026-08-28 09:30:00
93,342.14,342.17,341.88,341.88,4140,2026-08-28 09:30:00
93,257.45,257.55,257.0708,257.27,5214,2026-08-28 09:30:00
93,225.7,226.25,225.5,226.03,96161,2026-08-28 09:30:00
93,504.42,504.43,503.9,503.95,2566,2026-08-28 09:30:00
93,315.46,315.56,315.2,315.28,9847,2026-08-28 09:30:00
93,52.94,52.94,51.87,51.96,161398,2026-08-28 10:30:00
94,503.8404,503.87,503.53,503.73,3989,2026-08-28 10:00:00
94,257.27,257.35,257.07,257.07,5134,2026-08-28 10:00:00
94,226.06,226.56,225.9,226.43,81326,2026-08-28 10:00:00
94,356.22,356.61,356.0,356.3189,13350,2026-08-28 10:00:00
94,341.87,341.96,341.71,341.88,4090,2026-08-28 10:00:00
94,290.0,290.17,290.0,290.17,338,2026-08-28 10:00:00
94,572.7,573.14,572.58,572.65,1666,2026-08-28 10:00:00
94,315.39,315.48,315.25,315.34,7649,2026-08-28 10:00:00
94,80.45,80.46,80.35,80.35,7289,2026-08-28 10:00:00
94,51.99,52.03,50.13,50.98,1376590,2026-08-28 11:00:00
95,341.8388,341.89,341.53,341.53,1826,2026-08-28 10:30:00
95,50.9853,52.0,50.95,51.97,475426,2026-08-28 11:30:00
95,80.33,80.33,80.24,80.24,13660,2026-08-28 10:30:00
95,573.0,573.1,572.05,572.06,1491,2026-08-28 10:30:00
95,226.56,226.99,226.56,226.81,129085,2026-08-28 10:30:00
95,315.31,315.45,315.21,315.24,7356,2026-08-28 10:30:00
95,257.12,257.3,257.05,257.16,6695,2026-08-28 10:30:00
95,290.1,290.62,289.1,289.5,499,2026-08-28 10:30:00
95,503.77,503.77,502.82,502.92,6066,2026-08-28 10:30:00
95,356.4,356.5958,356.17,356.45,5756,2026-08-28 10:30:00
96,51.9491,52.87,51.85,52.62,518135,2026-08-28 12:00:00
96,80.2361,80.2361,80.0,80.1814,14917,2026-08-28 11:00:00
96,341.52,341.88,341.35,341.71,12237,2026-08-28 11:00:00
96,315.29,315.51,315.15,315.51,13487,2026-08-28 11:00:00
96,503.09,503.72,502.64,503.72,8168,2026-08-28 11:00:00
96,572.07,572.9369,571.95,572.5,6704,2026-08-28 11:00:00
96,289.1,290.02,288.6,290.02,8358,2026-08-28 11:00:00
96,257.2099,257.45,257.0,257.38,22751,2026-08-28 11:00:00
96,226.79,227.5,226.65,227.25,335206,2026-08-28 11:00:00
96,356.34,357.18,356.2,356.25,41103,2026-08-28 11:00:00
97,315.5,316.47,315.5,316.35,27102,2026-08-28 11:30:00
97,52.56,53.11,52.32,52.57,463859,2026-08-28 12:30:00
97,356.2845,356.2845,355.2,355.284,33339,2026-08-28 11:30:00
97,572.76,572.938,572.18,572.45,7955,2026-08-28 11:30:00
97,503.7,504.35,503.5636,504.27,12746,2026-08-28 11:30:00
97,80.19,80.25,80.1,80.18,8809,2026-08-28 11:30:00
97,257.37,257.44,257.08,257.28,21193,2026-08-28 11:30:00
97,227.2111,227.5,226.66,226.67,221789,2026-08-28 11:30:00
97,341.73,341.87,341.495,341.5,6752,2026-08-28 11:30:00
97,290.0,290.8,289.7,289.98,391,2026-08-28 11:30:00
98,572.0213,573.7,571.1,573.3,55433,2026-08-28 12:00:00
98,316.35,316.58,316.1613,316.2,33330,2026-08-28 12:00:00
98,289.945,289.945,288.9979,288.9979,1517,2026-08-28 12:00:00
98,257.24,257.42,257.0887,257.35,11390,2026-08-28 12:00:00
98,226.66,227.84,226.65,227.81,343981,2026-08-28 12:00:00
98,52.58,53.82,52.5,53.75,647555,2026-08-28 13:00:00
98,341.3322,342.0,341.3231,342.0,10993,2026-08-28 12:00:00
98,355.4859,356.2,355.2538,355.922,16405,2026-08-28 12:00:00
98,80.2,80.4,80.11,80.39,26401,2026-08-28 12:00:00
98,504.0658,505.87,504.0658,505.25,13256,2026-08-28 12:00:00
99,573.0003,573.25,572.6184,573.03,7909,2026-08-28 12:30:00
99,53.82,54.71,52.62,54.66,6110892,2026-08-28 13:30:00
99,227.8299,227.94,227.1828,227.88,328859,2026-08-28 12:30:00
99,316.12,316.34,316.04,316.08,27394,2026-08-28 12:30:00
99,355.79,355.79,354.82,355.6,28345,2026-08-28 12:30:00
99,80.35,80.44,80.2049,80.27,7210,2026-08-28 12:30:00
99,257.37,257.75,257.2,257.6,24962,2026-08-28 12:30:00
99,505.69,506.4,505.45,505.6501,14388,2026-08-28 12:30:00
99,289.35,290.52,289.35,289.9492,2340,2026-08-28 12:30:00
99,341.88,341.9658,341.5,341.66,7866,2026-08-28 12:30:00
100,316.1,317.0,315.77,316.91,85147,2026-08-28 13:00:00
100,289.77,289.77,287.06,287.06,5352,2026-08-28 13:00:00
100,505.65,506.19,503.8,505.59,25156,2026-08-28 13:00:00
100,227.86,228.7,226.58,227.44,1369923,2026-08-28 13:00:00
100,257.62,258.56,257.08,258.56,78331,2026-08-28 13:00:00
100,341.6,341.77,340.2,340.64,30049,2026-08-28 13:00:00
100,355.5655,357.25,354.81,357.19,61644,2026-08-28 13:00:00
100,80.26,80.47,80.04,80.39,77326,2026-08-28 13:00:00
100,573.1,573.4999,571.12,571.93,15083,2026-08-28 13:00:00
100,54.605,54.76,54.205,54.4523,2342991,2026-08-28 14:00:00
101,340.705,344.11,340.27,343.82,1757199,2026-08-28 13:30:00
101,287.83,292.41,286.52,291.785,335551,2026-08-28 13:30:00
101,357.095,358.8,354.62,354.63,3572362,2026-08-28 13:30:00
101,258.32,259.77,257.78,259.43,2982839,2026-08-28 13:30:00
101,505.33,513.14,504.8675,510.11,2566938,2026-08-28 13:30:00
101,571.88,584.17,571.0,581.0,1990011,2026-08-28 13:30:00
101,227.36,229.26,224.66,225.26,19418616,2026-08-28 13:30:00
101,316.845,318.13,315.4504,316.78,2931991,2026-08-28 13:30:00
101,54.45,54.61,54.01,54.17,1976638,2026-08-28 14:30:00
101,80.355,81.14,79.95,80.91,1903041,2026-08-28 13:30:00
102,354.7,355.77,351.21,352.56,2923155,2026-08-28 14:00:00
102,291.62,292.92,289.37,291.8,221292,2026-08-28 14:00:00
102,343.7,344.81,342.77,343.895,1158496,2026-08-28 14:00:00
102,80.91,81.43,80.68,81.345,1349613,2026-08-28 14:00:00
102,259.245,261.9,258.99,260.84,2769291,2026-08-28 14:00:00
102,316.77,317.178,316.05,316.725,1444756,2026-08-28 14:00:00
102,510.0825,511.31,508.11,510.7156,1213586,2026-08-28 14:00:00
102,225.242,225.8,223.22,225.115,12621458,2026-08-28 14:00:00
102,54.17,54.47,53.95,54.44,1949850,2026-08-28 15:00:00
102,580.69,583.5,576.11,577.01,1039453,2026-08-28 14:00:00
103,316.725,320.7885,316.52,320.71,3530660,2026-08-28 14:30:00
103,352.51,354.3999,352.01,354.26,1934174,2026-08-28 14:30:00
103,510.66,515.5,510.26,515.24,2044548,2026-08-28 14:30:00
103,54.435,54.55,54.215,54.2605,1094706,2026-08-28 15:30:00
103,81.345,82.3535,81.3283,82.18,1668616,2026-08-28 14:30:00
103,291.99,294.0865,291.96,293.24,252120,2026-08-28 14:30:00
103,343.92,348.085,343.46,347.37,1715950,2026-08-28 14:30:00
103,225.115,226.91,224.46,226.7423,8595287,2026-08-28 14:30:00
103,260.92,265.4289,260.63,265.24,4243930,2026-08-28 14:30:00
103,577.21,589.19,574.36,584.805,1692478,2026-08-28 14:30:00
104,293.24,293.74,292.19,293.075,263897,2026-08-28 15:00:00
104,354.26,354.68,352.18,352.4,1457569,2026-08-28 15:00:00
104,347.42,349.14,346.9,348.665,1577162,2026-08-28 15:00:00
104,515.25,516.3,514.13,515.3117,1337685,2026-08-28 15:00:00
104,584.805,587.65,583.3271,584.64,947943,2026-08-28 15:00:00
104,54.26,54.285,53.785,53.795,933934,2026-08-28 16:00:00
104,82.17,82.27,81.9,82.185,1241347,2026-08-28 15:00:00
104,320.71,322.03,320.03,321.95,2902177,2026-08-28 15:00:00
104,226.76,226.79,223.49,224.0,9296136,2026-08-28 15:00:00
104,265.245,267.25,265.09,266.85,4145708,2026-08-28 15:00:00
105,82.19,82.27,81.95,82.035,815112,2026-08-28 15:30:00
105,293.075,293.2399,291.94,292.5,136376,2026-08-28 15:30:00
105,352.32,352.7919,348.04,348.4601,2571655,2026-08-28 15:30:00
105,348.68,348.835,346.52,346.795,874671,2026-08-28 15:30:00
105,224.0,224.19,221.04,221.335,10049839,2026-08-28 15:30:00
105,584.75,585.21,575.01,575.475,726673,2026-08-28 15:30:00
105,321.955,322.37,321.11,321.48,2188834,2026-08-28 15:30:00
105,515.34,515.87,514.04,514.6201,1175093,2026-08-28 15:30:00
105,266.865,267.56,265.03,265.415,3128680,2026-08-28 15:30:00
105,53.795,54.21,53.79,53.96,879163,2026-08-28 16:30:00
106,292.6,293.6,291.6,291.67,254925,2026-08-28 16:00:00
106,221.345,221.385,219.94,220.18,10338590,2026-08-28 16:00:00
106,265.4,267.06,264.71,265.85,2088384,2026-08-28 16:00:00
106,82.035,82.105,81.58,81.685,881638,2026-08-28 16:00:00
106,53.955,54.155,53.865,53.9632,618708,2026-08-28 17:00:00
106,348.46,349.04,347.08,347.37,1653940,2026-08-28 16:00:00
106,346.8,347.67,345.5,346.47,743404,2026-08-28 16:00:00
106,575.5747,576.91,573.3001,575.18,665133,2026-08-28 16:00:00
106,514.63,517.14,514.2,516.47,1458373,2026-08-28 16:00:00
106,321.5,321.86,320.535,320.97,1450473,2026-08-28 16:00:00
107,346.44,347.145,345.4,345.45,463213,2026-08-28 16:30:00
107,265.89,266.38,265.12,265.18,1358398,2026-08-28 16:30:00
107,53.97,54.06,53.77,53.865,689341,2026-08-28 17:30:00
107,291.78,292.84,291.65,292.01,104967,2026-08-28 16:30:00
107,347.3301,348.2706,346.95,346.96,1105977,2026-08-28 16:30:00
107,575.24,576.46,574.63,575.0677,334732,2026-08-28 16:30:00
107,81.68,81.8793,81.52,81.54,542023,2026-08-28 16:30:00
107,320.95,321.52,320.6136,320.84,1006365,2026-08-28 16:30:00
107,516.47,517.78,516.0,516.88,890253,2026-08-28 16:30:00
107,220.185,220.95,219.76,219.79,7309953,2026-08-28 16:30:00
108,219.785,219.84,217.89,218.69,10094900,2026-08-28 17:00:00
108,265.15,265.58,264.39,265.25,1307516,2026-08-28 17:00:00
108,53.86,53.91,53.71,53.765,580400,2026-08-28 18:00:00
108,345.45,346.6,345.0005,346.45,472036,2026-08-28 17:00:00
108,346.96,347.01,345.98,346.195,1126801,2026-08-28 17:00:00
108,516.81,517.73,515.77,517.16,879396,2026-08-28 17:00:00
108,292.01,292.25,291.63,291.915,62558,2026-08-28 17:00:00
108,81.56,81.65,81.46,81.49,527879,2026-08-28 17:00:00
108,575.03,576.8809,574.3501,575.84,328175,2026-08-28 17:00:00
108,320.83,320.83,319.5801,319.74,1088776,2026-08-28 17:00:00
109,53.765,53.89,53.6625,53.74,708722,2026-08-28 18:30:00
109,575.9656,576.87,575.0021,575.8,236590,2026-08-28 17:30:00
109,346.45,346.78,345.72,346.65,386119,2026-08-28 17:30:00
109,81.495,81.5494,81.41,81.485,463629,2026-08-28 17:30:00
109,319.75,320.04,319.37,319.69,770959,2026-08-28 17:30:00
109,291.915,292.4699,291.4501,291.93,77372,2026-08-28 17:30:00
109,218.7,219.83,218.5,219.36,5831270,2026-08-28 17:30:00
109,346.21,347.12,346.2,347.1,914619,2026-08-28 17:30:00
109,517.13,517.6,515.23,515.87,899724,2026-08-28 17:30:00
109,265.22,265.55,264.8101,265.435,910836,2026-08-28 17:30:00
110,81.48,81.57,81.4201,81.55,496128,2026-08-28 18:00:00
110,346.655,347.14,346.16,346.18,404642,2026-08-28 18:00:00
110,515.85,516.33,514.385,514.725,851461,2026-08-28 18:00:00
110,575.67,577.29,574.2804,574.505,352083,2026-08-28 18:00:00
110,265.4,265.63,264.83,265.3,830087,2026-08-28 18:00:00
110,219.38,219.45,218.07,218.395,5170463,2026-08-28 18:00:00
110,53.735,53.87,53.57,53.87,909473,2026-08-28 19:00:00
110,347.09,347.1699,346.04,346.54,831719,2026-08-28 18:00:00
110,319.71,320.05,319.4,319.54,770448,2026-08-28 18:00:00
110,291.935,292.67,291.5,291.63,88096,2026-08-28 18:00:00
111,291.6354,292.17,291.39,291.8,102426,2026-08-28 18:30:00
111,53.865,53.93,53.6,53.655,3507384,2026-08-28 19:30:00
111,265.34,265.9,264.77,265.15,1145446,2026-08-28 18:30:00
111,218.395,218.69,216.81,217.36,8398315,2026-08-28 18:30:00
111,346.1812,347.175,346.165,346.955,506680,2026-08-28 18:30:00
111,514.725,515.23,513.82,513.865,848420,2026-08-28 18:30:00
111,81.55,81.655,81.515,81.62,573223,2026-08-28 18:30:00
111,346.525,346.72,345.2,345.48,989683,2026-08-28 18:30:00
111,574.54,577.49,573.88,573.975,424605,2026-08-28 18:30:00
111,319.55,319.815,319.05,319.815,975956,2026-08-28 18:30:00
112,319.82,319.99,319.24,319.545,1161611,2026-08-28 19:00:00
112,81.6299,81.805,81.625,81.8,735823,2026-08-28 19:00:00
112,513.82,514.78,512.9,513.29,907693,2026-08-28 19:00:00
112,291.86,292.69,291.22,291.545,195402,2026-08-28 19:00:00
112,53.66,53.99,53.6,53.65,2504843,2026-08-28 20:00:00
112,574.0351,577.7,573.99,577.35,452649,2026-08-28 19:00:00
112,265.12,266.068,264.99,266.06,1111653,2026-08-28 19:00:00
112,345.52,347.75,345.48,347.7033,1369151,2026-08-28 19:00:00
112,346.94,348.09,346.87,347.67,660464,2026-08-28 19:00:00
112,217.32,217.6,216.92,217.28,7035115,2026-08-28 19:00:00
113,53.66,53.7499,53.6007,53.7012,28209,2026-08-28 20:30:00
113,291.54,292.51,291.2,291.58,349976,2026-08-28 19:30:00
113,347.69,349.78,346.3901,348.76,2827447,2026-08-28 19:30:00
113,577.35,578.98,575.41,578.02,935071,2026-08-28 19:30:00
113,217.29,218.19,216.93,217.54,13653008,2026-08-28 19:30:00
113,513.2901,514.57,512.5,513.67,2178821,2026-08-28 19:30:00
113,319.55,320.73,319.5,319.64,2854009,2026-08-28 19:30:00
113,266.07,266.85,265.68,266.38,3151802,2026-08-28 19:30:00
113,347.68,347.88,346.42,346.47,1882726,2026-08-28 19:30:00
113,81.8,82.02,81.6,81.73,2478789,2026-08-28 19:30:00
114,291.52,292.4274,291.0,291.95,343775,2026-08-28 20:00:00
114,217.51,218.03,217.4139,217.89,19651586,2026-08-28 20:00:00
114,348.74,349.01,347.99,348.0,3147683,2026-08-28 20:00:00
114,53.7423,53.95,53.61,53.9156,49568,2026-08-28 21:00:00
114,578.0,578.75,576.92,577.7306,1404783,2026-08-28 20:00:00
114,266.38,266.5,266.0,266.02,5579344,2026-08-28 20:00:00
114,81.72,81.72,81.55,81.62,3763046,2026-08-28 20:00:00
114,513.55,513.9,513.0,513.1812,4769240,2026-08-28 20:00:00
114,346.46,347.42,346.06,346.1,4476363,2026-08-28 20:00:00
114,319.65,320.25,319.63,319.7845,6890501,2026-08-28 20:00:00
115,291.9355,291.9376,291.52,291.72,23900,2026-08-28 20:30:00
115,319.7,320.16,319.7,320.01,54387,2026-08-28 20:30:00
115,81.65,81.8,81.61,81.78,11419,2026-08-28 20:30:00
115,513.15,514.56,512.7,513.06,17987,2026-08-28 20:30:00
115,577.67,578.36,577.51,577.95,16981,2026-08-28 20:30:00
115,266.03,266.4,266.03,266.4,31630,2026-08-28 20:30:00
115,217.88,217.9385,217.5,217.74,302924,2026-08-28 20:30:00
115,346.08,346.59,345.88,346.4,12569,2026-08-28 20:30:00
115,347.94,348.06,347.5593,347.8582,42101,2026-08-28 20:30:00
115,53.872,53.872,53.7015,53.74,23086,2026-08-28 21:30:00
116,53.77,53.78,53.71,53.73,19264,2026-08-28 22:00:00
116,578.1,578.68,577.0,578.68,32083,2026-08-28 21:00:00
116,217.7311,217.79,217.57,217.72,150174,2026-08-28 21:00:00
116,291.8,291.8,291.5278,291.68,930,2026-08-28 21:00:00
116,513.0,513.4225,512.75,512.89,3436,2026-08-28 21:00:00
116,320.0481,320.0481,319.9109,319.98,10698,2026-08-28 21:00:00
116,81.7017,81.8,81.7017,81.72,7410,2026-08-28 21:00:00
116,266.23,266.43,266.2,266.23,13011,2026-08-28 21:00:00
116,347.87,347.87,347.59,347.73,12387,2026-08-28 21:00:00
116,346.39,346.452,345.96,345.9828,10385,2026-08-28 21:00:00
117,217.7138,217.84,217.6,217.8,104259,2026-08-28 21:30:00
117,319.9974,320.0,319.8173,319.92,8143,2026-08-28 21:30:00
117,346.25,346.49,345.95,346.02,4260,2026-08-28 21:30:00
117,578.0,578.44,577.35,578.44,6956,2026-08-28 21:30:00
117,53.73,53.7711,53.73,53.7395,5086,2026-08-28 22:30:00
117,81.7894,81.7894,81.58,81.7575,4028,2026-08-28 21:30:00
117,291.5,291.72,291.5,291.72,146,2026-08-28 21:30:00
117,266.26,266.31,266.2,266.25,18806,2026-08-28 21:30:00
117,347.74,347.99,347.7,347.9437,30817,2026-08-28 21:30:00
117,512.87,512.8986,512.49,512.6102,7142,2026-08-28 21:30:00
118,319.91,320.0,319.8824,319.985,3258,2026-08-28 22:00:00
118,512.63,512.77,512.26,512.77,5185,2026-08-28 22:00:00
118,346.0,346.2965,345.91,346.11,2624,2026-08-28 22:00:00
118,217.7809,217.94,217.7,217.8885,106662,2026-08-28 22:00:00
118,291.67,291.67,291.36,291.36,244,2026-08-28 22:00:00
118,266.31,266.31,266.0109,266.13,10137,2026-08-28 22:00:00
118,348.0,348.0,347.72,347.81,4092,2026-08-28 22:00:00
118,81.69,81.7,81.66,81.7,4970,2026-08-28 22:00:00
118,578.02,578.5,577.5,577.84,8034,2026-08-28 22:00:00
118,53.74,53.7625,53.73,53.7625,3108,2026-08-28 23:00:00
119,512.6948,512.6948,512.05,512.2195,5268,2026-08-28 22:30:00
119,291.72,291.72,291.4,291.4,80,2026-08-28 22:30:00
119,577.9448,578.3849,577.5,577.9,7647,2026-08-28 22:30:00
119,347.7511,347.9499,347.65,347.81,9017,2026-08-28 22:30:00
119,81.75,81.75,81.66,81.66,5904,2026-08-28 22:30:00
119,53.77,53.77,53.71,53.7315,17930,2026-08-28 23:30:00
119,217.88,217.9799,217.85,217.86,104201,2026-08-28 22:30:00
119,266.1,266.26,265.8789,266.1786,29720,2026-08-28 22:30:00
119,320.0,320.1,319.93,320.05,7918,2026-08-28 22:30:00
119,346.0013,346.2166,345.71,345.95,6149,2026-08-28 22:30:00
120,266.21,266.22,266.07,266.1031,9576,2026-08-28 23:00:00
120,512.22,512.4999,512.05,512.35,5198,2026-08-28 23:00:00
120,319.98,320.1,319.98,320.1,7257,2026-08-28 23:00:00
120,578.0,578.0,577.55,577.55,1122,2026-08-28 23:00:00
120,217.88,217.96,217.86,217.9001,94291,2026-08-28 23:00:00
120,53.5,53.52,53.26,53.44,15667,2026-08-31 11:00:00
120,81.69,81.74,81.62,81.69,13802,2026-08-28 23:00:00
120,347.8,348.0454,347.8,348.0406,14567,2026-08-28 23:00:00
120,291.5,291.5,291.287,291.287,150,2026-08-28 23:00:00
120,345.94,346.0,345.59,345.77,8676,2026-08-28 23:00:00
121,345.71,346.2,345.71,346.2,6053,2026-08-28 23:30:00
121,512.44,513.281,512.44,513.048,7998,2026-08-28 23:30:00
121,217.9,218.11,217.85,217.88,158964,2026-08-28 23:30:00
121,53.5008,53.5008,53.3493,53.39,6083,2026-08-31 11:30:00
121,291.36,291.48,291.2846,291.2846,391,2026-08-28 23:30:00
121,320.1,320.2,319.92,320.126,12374,2026-08-28 23:30:00
121,266.2,266.2302,266.1009,266.16,10331,2026-08-28 23:30:00
121,577.86,578.4401,577.62,578.35,5278,2026-08-28 23:30:00
121,348.0423,348.25,347.9173,348.1151,23377,2026-08-28 23:30:00
121,81.64,81.6994,81.62,81.62,13281,2026-08-28 23:30:00
122,219.01,219.09,218.49,218.96,232576,2026-08-31 11:00:00
122,346.77,346.9,345.8074,346.9,63306,2026-08-31 11:00:00
122,81.3,81.41,81.18,81.22,12220,2026-08-31 11:00:00
122,265.25,265.45,264.7827,265.0514,25300,2026-08-31 11:00:00
122,319.4,319.54,318.6,318.7,24868,2026-08-31 11:00:00
122,344.79,344.96,344.45,344.96,7018,2026-08-31 11:00:00
122,575.51,578.2,574.56,577.5,19938,2026-08-31 11:00:00
122,510.0,510.6,509.5444,509.5444,10920,2026-08-31 11:00:00
122,53.35,53.35,53.2514,53.285,6696,2026-08-31 12:00:00
122,289.39,289.5,289.33,289.5,266,2026-08-31 11:00:00
123,577.9555,579.0,577.25,578.84,28135,2026-08-31 11:30:00
123,344.987,345.04,344.07,344.1534,12568,2026-08-31 11:30:00
123,289.5,289.9,289.11,289.2,3225,2026-08-31 11:30:00
123,318.79,319.23,318.73,318.92,14183,2026-08-31 11:30:00
123,346.81,346.9,346.5,346.75,19581,2026-08-31 11:30:00
123,218.93,218.9559,218.4,218.784,123140,2026-08-31 11:30:00
123,81.25,81.3,81.16,81.16,9203,2026-08-31 11:30:00
123,509.47,509.8903,508.47,508.79,14642,2026-08-31 11:30:00
123,265.25,265.39,264.69,264.9273,14387,2026-08-31 11:30:00
123,53.26,53.26,53.15,53.166,15118,2026-08-31 12:30:00
124,346.6934,346.9,346.0,346.4868,19697,2026-08-31 12:00:00
124,578.75,581.8802,578.2,581.25,48648,2026-08-31 12:00:00
124,81.27,81.27,81.09,81.243,15156,2026-08-31 12:00:00
124,264.8,265.0,264.4,264.645,19023,2026-08-31 12:00:00
124,53.17,53.48,53.17,53.48,20854,2026-08-31 13:00:00
124,508.84,514.813,508.31,508.88,12186,2026-08-31 12:00:00
124,289.2,292.248,288.02,288.29,1580,2026-08-31 12:00:00
124,344.28,347.456,343.77,344.0,23378,2026-08-31 12:00:00
124,218.7872,219.1,218.5,218.74,300235,2026-08-31 12:00:00
124,318.84,319.0,318.4,318.4,28357,2026-08-31 12:00:00
125,53.39,53.61,51.92,52.225,2181821,2026-08-31 13:30:00
125,343.85,344.24,343.63,344.16,12045,2026-08-31 12:30:00
125,81.177,81.31,81.1065,81.15,20539,2026-08-31 12:30:00
125,318.616,319.08,318.46,319.05,24532,2026-08-31 12:30:00
125,218.7,218.93,218.12,218.1963,258922,2026-08-31 12:30:00
125,581.0,581.3916,578.87,579.0,24427,2026-08-31 12:30:00
125,264.64,264.64,264.0,264.0,44663,2026-08-31 12:30:00
125,508.85,509.18,508.15,509.18,22615,2026-08-31 12:30:00
125,346.19,346.47,345.34,345.54,45624,2026-08-31 12:30:00
125,288.6,288.69,288.07,288.48,751,2026-08-31 12:30:00
126,345.4,347.96,345.2861,347.5,62352,2026-08-31 13:00:00
126,509.1674,512.4,508.76,510.35,43512,2026-08-31 13:00:00
126,319.05,320.5835,319.0,319.6,136420,2026-08-31 13:00:00
126,81.26,81.38,80.8,80.98,70033,2026-08-31 13:00:00
126,344.12,345.71,343.5,344.02,44881,2026-08-31 13:00:00
126,264.14,264.61,263.43,263.68,84615,2026-08-31 13:00:00
126,218.2,219.0,217.73,218.99,481969,2026-08-31 13:00:00
126,579.4999,580.0,576.1,578.0,34801,2026-08-31 13:00:00
126,52.225,52.75,52.18,52.61,881172,2026-08-31 14:00:00
126,288.99,289.9897,287.53,287.53,4446,2026-08-31 13:00:00
127,287.65,291.07,286.26,289.06,231458,2026-08-31 13:30:00
127,347.21,361.15,347.15,360.13,7196340,2026-08-31 13:30:00
127,52.62,53.38,52.59,53.3145,956589,2026-08-31 14:30:00
127,263.825,264.36,261.07,261.17,3283761,2026-08-31 13:30:00
127,81.0,81.51,80.65,81.01,1484348,2026-08-31 13:30:00
127,510.38,511.68,507.31,508.905,1747414,2026-08-31 13:30:00
127,319.6,321.235,316.74,317.26,3291316,2026-08-31 13:30:00
127,343.825,344.59,340.18,340.41,2070328,2026-08-31 13:30:00
127,218.87,219.348,216.21,218.88,12399034,2026-08-31 13:30:00
127,577.63,578.675,571.02,572.42,1165559,2026-08-31 13:30:00
128,218.88,220.37,218.4,220.07,9102674,2026-08-31 14:00:00
128,81.03,81.235,80.8,80.9799,962787,2026-08-31 14:00:00
128,508.95,509.5,507.36,509.37,778593,2026-08-31 14:00:00
128,340.36,340.36,337.156,337.525,1682996,2026-08-31 14:00:00
128,53.32,53.6586,53.165,53.645,551737,2026-08-31 15:00:00
128,360.14,364.86,359.97,363.57,5777979,2026-08-31 14:00:00
128,289.22,290.8,288.68,290.58,102699,2026-08-31 14:00:00
128,317.205,317.245,315.45,315.71,1612726,2026-08-31 14:00:00
128,572.42,572.4899,569.1386,570.15,805292,2026-08-31 14:00:00
128,261.2,261.315,259.716,260.08,2405534,2026-08-31 14:00:00
129,260.05,260.9699,259.73,260.875,1185485,2026-08-31 14:30:00
129,363.57,365.81,361.85,363.89,4887701,2026-08-31 14:30:00
129,337.5,338.37,337.37,338.04,840491,2026-08-31 14:30:00
129,509.31,510.98,508.73,510.885,583797,2026-08-31 14:30:00
129,315.71,315.71,314.35,315.38,1476471,2026-08-31 14:30:00
129,220.07,220.6,219.25,219.725,5503026,2026-08-31 14:30:00
129,80.98,81.375,80.81,81.3,1036663,2026-08-31 14:30:00
129,570.165,571.81,569.3,571.646,478856,2026-08-31 14:30:00
129,290.575,291.34,290.3201,291.25,72058,2026-08-31 14:30:00
129,53.64,53.68,53.49,53.585,382013,2026-08-31 15:30:00
130,53.58,53.63,53.315,53.425,444288,2026-08-31 16:00:00
130,260.9,261.81,260.82,261.5684,1175234,2026-08-31 15:00:00
130,291.16,291.9,290.65,291.44,68264,2026-08-31 15:00:00
130,219.75,220.54,219.12,220.275,4529036,2026-08-31 15:00:00
130,81.31,81.645,81.21,81.59,764867,2026-08-31 15:00:00
130,338.03,339.08,337.68,338.64,876634,2026-08-31 15:00:00
130,315.38,315.82,314.9,315.0699,1250916,2026-08-31 15:00:00
130,363.81,365.65,363.17,364.1199,3105748,2026-08-31 15:00:00
130,571.79,573.16,570.98,571.65,502156,2026-08-31 15:00:00
130,510.89,512.19,510.34,510.82,746567,2026-08-31 15:00:00
131,510.84,511.29,509.8,509.9071,512423,2026-08-31 15:30:00
131,315.05,315.225,314.59,314.66,848683,2026-08-31 15:30:00
131,220.25,220.36,219.41,219.49,3560401,2026-08-31 15:30:00
131,81.595,81.625,81.38,81.5,688709,2026-08-31 15:30:00
131,364.09,367.15,362.96,365.44,3532946,2026-08-31 15:30:00
131,291.44,292.46,291.31,292.17,85773,2026-08-31 15:30:00
131,571.6,572.29,570.6,571.085,265757,2026-08-31 15:30:00
131,338.65,338.85,337.93,338.14,719630,2026-08-31 15:30:00
131,261.55,261.58,260.83,260.91,693870,2026-08-31 15:30:00
131,53.4201,53.445,53.27,53.295,323926,2026-08-31 16:30:00
132,338.16,338.66,337.87,338.33,539549,2026-08-31 16:00:00
132,260.925,261.34,260.65,260.95,664838,2026-08-31 16:00:00
132,509.81,510.86,509.21,510.65,354311,2026-08-31 16:00:00
132,314.665,314.87,313.94,314.67,1141638,2026-08-31 16:00:00
132,53.29,53.32,53.175,53.195,299466,2026-08-31 17:00:00
132,365.49,366.76,363.3,365.09,3010393,2026-08-31 16:00:00
132,219.5,220.3,219.1,220.2254,2944609,2026-08-31 16:00:00
132,292.155,292.3,291.4675,291.83,66112,2026-08-31 16:00:00
132,571.085,571.635,570.3,570.75,256913,2026-08-31 16:00:00
132,81.495,81.72,81.4301,81.485,392659,2026-08-31 16:00:00
133,365.11,366.48,364.1601,366.055,2037870,2026-08-31 16:30:00
133,338.32,338.635,337.87,338.42,649747,2026-08-31 16:30:00
133,314.67,316.08,312.8,313.76,2083513,2026-08-31 16:30:00
133,220.2299,220.29,219.64,220.18,2645062,2026-08-31 16:30:00
133,570.773,571.75,570.51,571.39,252713,2026-08-31 16:30:00
133,291.79,292.235,291.47,291.64,66057,2026-08-31 16:30:00
133,81.485,81.705,81.47,81.7025,499398,2026-08-31 16:30:00
133,260.92,261.48,260.7,261.3661,765268,2026-08-31 16:30:00
133,53.205,53.29,53.1843,53.215,311289,2026-08-31 17:30:00
133,510.65,511.73,509.48,511.39,510642,2026-08-31 16:30:00
134,571.39,571.97,570.42,571.06,321114,2026-08-31 17:00:00
134,81.705,81.73,81.43,81.5,633638,2026-08-31 17:00:00
134,338.415,338.91,338.13,338.37,501685,2026-08-31 17:00:00
134,313.76,314.26,313.41,313.88,824500,2026-08-31 17:00:00
134,53.215,53.36,53.14,53.195,373587,2026-08-31 18:00:00
134,511.385,511.53,510.4301,510.6799,438202,2026-08-31 17:00:00
134,291.64,291.72,290.8201,291.035,52148,2026-08-31 17:00:00
134,261.345,261.6693,260.72,260.795,656752,2026-08-31 17:00:00
134,366.03,367.4,364.95,365.2,2277904,2026-08-31 17:00:00
134,220.19,220.26,219.34,219.37,2349662,2026-08-31 17:00:00
135,338.37,338.91,338.17,338.41,518870,2026-08-31 17:30:00
135,219.36,220.02,219.13,219.605,3006911,2026-08-31 17:30:00
135,365.19,368.54,365.19,368.39,3037884,2026-08-31 17:30:00
135,510.67,511.24,510.04,511.02,374219,2026-08-31 17:30:00
135,291.03,292.4,290.98,292.28,84278,2026-08-31 17:30:00
135,81.495,81.5999,81.495,81.57,382598,2026-08-31 17:30:00
135,313.85,315.195,313.385,315.0749,1047411,2026-08-31 17:30:00
135,570.8608,572.32,570.8608,571.8099,324773,2026-08-31 17:30:00
135,53.19,53.29,53.17,53.285,357053,2026-08-31 18:30:00
135,260.81,261.38,260.63,261.07,529943,2026-08-31 17:30:00
136,315.08,316.02,314.91,315.685,1165997,2026-08-31 18:00:00
136,368.39,368.415,366.85,367.5099,1955358,2026-08-31 18:00:00
136,571.71,574.105,571.0,571.6,429974,2026-08-31 18:00:00
136,219.61,219.75,218.9106,218.97,2725827,2026-08-31 18:00:00
136,338.4,338.75,338.02,338.05,475943,2026-08-31 18:00:00
136,510.98,512.19,510.5,510.93,630922,2026-08-31 18:00:00
136,81.565,81.58,81.41,81.515,401982,2026-08-31 18:00:00
136,261.05,261.05,257.12,257.825,4509638,2026-08-31 18:00:00
136,53.285,53.295,53.005,53.005,602435,2026-08-31 19:00:00
136,292.22,292.97,292.1,292.9591,74533,2026-08-31 18:00:00
137,218.95,218.9656,217.71,218.57,5868299,2026-08-31 18:30:00
137,571.5753,571.97,570.68,571.545,325169,2026-08-31 18:30:00
137,338.05,338.42,337.74,338.22,609164,2026-08-31 18:30:00
137,315.681873,315.9154,315.01,315.39,739267,2026-08-31 18:30:00
137,53.005,53.03,52.565,52.665,3179130,2026-08-31 19:30:00
137,257.85,258.7,257.37,258.63,2017581,2026-08-31 18:30:00
137,81.515,81.53,81.345,81.495,526634,2026-08-31 18:30:00
137,292.945,293.58,292.4,293.54,94487,2026-08-31 18:30:00
137,367.42,367.455,365.38,365.8,1870411,2026-08-31 18:30:00
137,510.89,511.26,509.705,511.045,541255,2026-08-31 18:30:00
138,571.64,576.18,571.56,572.755,854727,2026-08-31 19:00:00
138,81.495,81.63,81.39,81.39,608508,2026-08-31 19:00:00
138,511.045,511.38,509.865,510.595,532377,2026-08-31 19:00:00
138,293.54,293.77,293.19,293.565,124892,2026-08-31 19:00:00
138,52.665,52.8,52.665,52.7,3330989,2026-08-31 20:00:00
138,218.6,219.8499,218.58,219.815,4314008,2026-08-31 19:00:00
138,338.21,338.96,338.1,338.6001,602245,2026-08-31 19:00:00
138,315.395,316.16,315.395,316.025,1043808,2026-08-31 19:00:00
138,365.78,367.04,365.25,366.665,2117158,2026-08-31 19:00:00
138,258.62,259.18,258.31,258.98,1564531,2026-08-31 19:00:00
139,52.6701,52.77,52.67,52.6855,1400,2026-08-31 20:30:00
139,293.62,294.13,292.66,292.75,429355,2026-08-31 19:30:00
139,316.03,317.76,315.71,317.15,4151247,2026-08-31 19:30:00
139,81.39,81.54,80.87,81.04,2978162,2026-08-31 19:30:00
139,510.57,510.595,506.39,507.32,3155966,2026-08-31 19:30:00
139,572.82,575.16,571.44,572.485,1346250,2026-08-31 19:30:00
139,338.6,341.42,338.335,339.28,2936758,2026-08-31 19:30:00
139,366.63,368.92,365.93,367.92,4137460,2026-08-31 19:30:00
139,258.98,261.68,258.91,259.93,4395916,2026-08-31 19:30:00
139,219.82,221.3,219.2727,220.88,10606731,2026-08-31 19:30:00
140,292.73,293.4,292.33,292.3744,2253240,2026-08-31 20:00:00
140,317.25,317.28,316.22,316.5,13089899,2026-08-31 20:00:00
140,507.32,507.6,506.5,507.6,9725376,2026-08-31 20:00:00
140,339.27,339.99,339.0,339.6,10706612,2026-08-31 20:00:00
140,259.77,260.11,259.0,260.1,11872051,2026-08-31 20:00:00
140,220.85,220.95,220.43,220.76,27290168,2026-08-31 20:00:00
140,367.925,368.94,367.24,368.3276,9093221,2026-08-31 20:00:00
140,572.91,572.91,570.43,571.9496,3210557,2026-08-31 20:00:00
140,81.05,81.21,80.86,81.07,12058259,2026-08-31 20:00:00
141,220.7501,220.8,220.58,220.7,82825,2026-08-31 20:30:00
141,339.6,340.0,339.5,339.81,7930,2026-08-31 20:30:00
141,368.34,368.3445,367.75,367.9,28876,2026-08-31 20:30:00
141,507.5699,508.3,507.36,507.5,22109,2026-08-31 20:30:00
141,571.9469,572.8,571.6243,571.8,5330,2026-08-31 20:30:00
141,316.65,316.8596,316.5,316.66,61916,2026-08-31 20:30:00
141,81.1,81.15,81.05,81.09,8088,2026-08-31 20:30:00
141,292.45,292.79,292.2,292.21,1235,2026-08-31 20:30:00
141,260.0001,260.1274,259.78,260.03,21484,2026-08-31 20:30:00
